id,nom,supertype,rarity,set_name,set_annee,numero,hp,artist,subtypes,types,prix_market,prix_mid,type_prix
hgss4-1,Aggron,Pokémon,Rare Holo,HS—Triumphant,2010,1,140,Kagemaru Himeno,Stage 2,Metal,7.75,9.99,holofoil
xy5-1,Weedle,Pokémon,Common,Primal Clash,2015,1,50,Midori Harada,Basic,Grass,0.12,0.2,normal
pl1-1,Ampharos,Pokémon,Rare Holo,Platinum,2009,1,130,Atsuko Nishida,Stage 2,Lightning,29.34,30.53,holofoil
dp3-1,Ampharos,Pokémon,Rare Holo,Secret Wonders,2007,1,130,Kouki Saitou,Stage 2,Lightning,37.12,38.24,holofoil
det1-1,Bulbasaur,Pokémon,Common,Detective Pikachu,2019,1,60,MPC Film,Basic,Grass,0.73,0.77,holofoil
dv1-1,Dratini,Pokémon,Rare Holo,Dragon Vault,2012,1,40,Masakazu Fukuda,Basic,Dragon,3.24,3.0,holofoil
mcd19-1,Caterpie,Pokémon,,McDonald's Collection 2019,2019,1,50,Sekio,Basic,Grass,11.3,13.0,holofoil
pl3-1,Absol G,Pokémon,Rare Holo,Supreme Victors,2009,1,70,Yusuke Ishikawa,"Basic, SP",Darkness,18.57,38.15,holofoil
ex12-1,Aerodactyl,Pokémon,Rare Holo,Legend Maker,2006,1,70,Hajime Kusajima,Stage 1,Colorless,77.33,76.19,holofoil
ex3-1,Absol,Pokémon,Rare Holo,Dragon,2003,1,70,Naoyo Kimura,Basic,Darkness,153.87,207.92,holofoil
ru1-1,Venusaur,Pokémon,,Pokémon Rumble,2009,1,140,Pokemon Rumble,Stage 2,Grass,264.96,279.96,holofoil
ecard2-H1,Ampharos,Pokémon,Rare Holo,Aquapolis,2003,H1,100,Shin-ichi Yoshida,Stage 2,Lightning,,,
base4-1,Alakazam,Pokémon,Rare Holo,Base Set 2,2000,1,80,Ken Sugimori,Stage 2,Psychic,55.96,54.35,holofoil
hgss1-1,Arcanine,Pokémon,Rare Holo,HeartGold & SoulSilver,2010,1,110,Naoki Saito,Stage 1,Fire,52.14,53.07,holofoil
ex11-1,Beedrill δ,Pokémon,Rare Holo,Delta Species,2005,1,90,Masakazu Fukuda,Stage 2,"Grass, Metal",41.07,57.5,holofoil
ex7-1,Azumarill,Pokémon,Rare Holo,Team Rocket Returns,2004,1,80,Sumiyoshi Kizuki,Stage 1,Water,6.4,5.55,normal
gym1-1,Blaine's Moltres,Pokémon,Rare Holo,Gym Heroes,2000,1,90,Ken Sugimori,Basic,Fire,,,
base3-1,Aerodactyl,Pokémon,Rare Holo,Fossil,1999,1,60,Kagemaru Himeno,Stage 1,Fighting,,,
sm9-1,Celebi & Venusaur-GX,Pokémon,Rare Holo GX,Team Up,2019,1,270,Mitsuhiro Arita,"Basic, TAG TEAM, GX",Grass,41.93,46.5,holofoil
xy2-1,Caterpie,Pokémon,Common,Flashfire,2014,1,40,Sumiyoshi Kizuki,Basic,Grass,0.2,0.25,normal
pop6-1,Bastiodon,Pokémon,Rare,POP Series 6,2007,1,130,Kazuyuki Kano,Stage 2,Metal,2.38,4.49,normal
ecard2-H2,Arcanine,Pokémon,Rare Holo,Aquapolis,2003,H2,90,Kyoko Umemoto,Stage 1,Fire,,,
hgss4-2,Altaria,Pokémon,Rare Holo,HS—Triumphant,2010,2,90,Ryo Ueda,Stage 1,Colorless,8.62,13.39,holofoil
pl1-2,Blastoise,Pokémon,Rare Holo,Platinum,2009,2,130,Kagemaru Himeno,Stage 2,Water,36.3,43.99,holofoil
ex3-2,Altaria,Pokémon,Rare Holo,Dragon,2003,2,80,Atsuko Nishida,Stage 1,Colorless,56.4,55.0,holofoil
dp3-2,Blastoise,Pokémon,Rare Holo,Secret Wonders,2007,2,120,Daisuke Ito,Stage 2,Water,92.47,75.49,holofoil
base3-2,Articuno,Pokémon,Rare Holo,Fossil,1999,2,70,Mitsuhiro Arita,Basic,Water,,,
pl3-2,Blaziken FB,Pokémon,Rare Holo,Supreme Victors,2009,2,80,Motofumi Fujiwara,"Basic, SP",Fire,21.87,37.28,holofoil
ex11-2,Crobat δ,Pokémon,Rare Holo,Delta Species,2005,2,90,Ryo Ueda,Stage 2,"Grass, Metal",17.84,16.22,holofoil
pop6-2,Lucario,Pokémon,Rare,POP Series 6,2007,2,90,Kouki Saitou,Stage 1,Fighting,27.03,37.99,normal
xy2-2,Metapod,Pokémon,Uncommon,Flashfire,2014,2,70,kawayoo,Stage 1,Grass,0.23,0.25,normal
base4-2,Blastoise,Pokémon,Rare Holo,Base Set 2,2000,2,100,Ken Sugimori,Stage 2,Water,105.11,200.0,holofoil
gym1-2,Brock's Rhydon,Pokémon,Rare Holo,Gym Heroes,2000,2,80,Ken Sugimori,Stage 1,Fighting,,,
hgss1-2,Azumarill,Pokémon,Rare Holo,HeartGold & SoulSilver,2010,2,90,Kouki Saitou,Stage 1,Water,7.36,9.15,holofoil
det1-2,Ludicolo,Pokémon,Rare,Detective Pikachu,2019,2,140,Framestore,Stage 2,Grass,0.98,0.9,holofoil
sm9-2,Weedle,Pokémon,Common,Team Up,2019,2,40,Shibuzoh.,Basic,Grass,0.35,0.3,normal
ex12-2,Aggron,Pokémon,Rare Holo,Legend Maker,2006,2,110,Hisao Nakamura,Stage 2,Metal,22.75,16.15,holofoil
ex7-2,Dark Ampharos,Pokémon,Rare Holo,Team Rocket Returns,2004,2,120,Emi Miwa,Stage 2,"Lightning, Darkness",83.81,149.98,holofoil
ru1-2,Cherrim,Pokémon,,Pokémon Rumble,2009,2,80,Pokemon Rumble,Stage 1,Grass,52.41,89.98,normal
mcd19-2,Alolan Exeggutor,Pokémon,,McDonald's Collection 2019,2019,2,160,Satoshi Shirai,Stage 1,Grass,6.71,6.93,holofoil
xy5-2,Kakuna,Pokémon,Uncommon,Primal Clash,2015,2,80,Kagemaru Himeno,Stage 1,Grass,0.17,0.22,normal
xy11-1,Tangela,Pokémon,Common,Steam Siege,2016,1,80,OOYAMA,Basic,Grass,0.17,0.2,normal
ex14-1,Banette,Pokémon,Rare Holo,Crystal Guardians,2006,1,70,Kyoko Umemoto,Stage 1,Psychic,8.45,11.24,holofoil
sm12-1,Venusaur & Snivy-GX,Pokémon,Rare Holo GX,Cosmic Eclipse,2019,1,270,Mitsuhiro Arita,"Basic, TAG TEAM, GX",Grass,21.84,25.02,holofoil
bw1-1,Snivy,Pokémon,Common,Black & White,2011,1,60,Kagemaru Himeno,Basic,Grass,0.33,0.31,normal
sm115-1,Caterpie,Pokémon,Common,Hidden Fates,2019,1,60,tetsuya koizumi,Basic,Grass,0.14,0.17,normal
si1-1,Mew,Pokémon,,Southern Islands,2001,1,30,Keiko Fukuyama,Basic,Psychic,355.68,459.6,reverseHolofoil
dp1-1,Dialga,Pokémon,Rare Holo,Diamond & Pearl,2007,1,90,Nakaoka,Basic,Metal,37.85,39.77,holofoil
sm3-1,Caterpie,Pokémon,Common,Burning Shadows,2017,1,50,Sekio,Basic,Grass,0.14,0.2,normal
pop7-1,Ampharos,Pokémon,Rare,POP Series 7,2008,1,130,Kouki Saitou,Stage 2,Lightning,9.76,13.78,normal
gym2-1,Blaine's Arcanine,Pokémon,Rare Holo,Gym Challenge,2000,1,90,Ken Sugimori,Stage 1,Fire,,,
col1-1,Clefable,Pokémon,Rare Holo,Call of Legends,2011,1,80,sui,Stage 1,Colorless,9.87,10.99,holofoil
ex9-1,Blaziken,Pokémon,Rare Holo,Emerald,2005,1,110,Midori Harada,Stage 2,Fire,25.64,54.0,normal
bw10-1,Surskit,Pokémon,Common,Plasma Blast,2013,1,50,Naoyo Kimura,Basic,Grass,0.17,0.24,normal
swsh35-1,Venusaur V,Pokémon,Rare Holo V,Champion's Path,2020,1,220,PLANETA Mochizuki,"Basic, V",Grass,2.24,2.53,holofoil
xy7-1,Oddish,Pokémon,Common,Ancient Origins,2015,1,50,MAHOU,Basic,Grass,0.21,0.25,normal
sm1-1,Caterpie,Pokémon,Common,Sun & Moon,2017,1,50,Kanako Eo,Basic,Grass,0.11,0.19,normal
ex13-1,Armaldo δ,Pokémon,Rare Holo,Holon Phantoms,2006,1,110,Masakazu Fukuda,Stage 2,"Fighting, Metal",31.41,129.98,holofoil
dv1-2,Dratini,Pokémon,Rare Holo,Dragon Vault,2012,2,40,Naoki Saito,Basic,Dragon,10.22,12.99,holofoil
ecard2-H3,Ariados,Pokémon,Rare Holo,Aquapolis,2003,H3,70,Shin-ichi Yoshida,Stage 1,Grass,,,
sm12-2,Oddish,Pokémon,Common,Cosmic Eclipse,2019,2,60,Yumi,Basic,Grass,0.22,0.24,normal
ex9-2,Deoxys,Pokémon,Rare Holo,Emerald,2005,2,70,Hironobu Yoshida,Basic,Psychic,92.33,34.99,normal
bw1-2,Snivy,Pokémon,Common,Black & White,2011,2,60,5ban Graphics,Basic,Grass,0.39,0.37,normal
base4-3,Chansey,Pokémon,Rare Holo,Base Set 2,2000,3,120,Ken Sugimori,Basic,Colorless,19.94,20.0,holofoil
ru1-3,Ninetales,Pokémon,,Pokémon Rumble,2009,3,90,Pokemon Rumble,Stage 1,Fire,249.99,373.31,normal
xy5-3,Beedrill,Pokémon,Rare,Primal Clash,2015,3,120,Kouki Saitou,Stage 2,Grass,0.33,0.37,normal
pop6-3,Manaphy,Pokémon,Rare,POP Series 6,2007,3,70,Atsuko Nishida,Basic,Water,3.48,6.0,normal
si1-2,Pidgeot,Pokémon,,Southern Islands,2001,2,70,Keiko Fukuyama,Stage 2,Colorless,35.61,40.0,normal
ex11-3,Dragonite δ,Pokémon,Rare Holo,Delta Species,2005,3,100,Ryo Ueda,Stage 2,"Lightning, Metal",159.24,226.3,holofoil
pl3-3,Drifblim FB,Pokémon,Rare Holo,Supreme Victors,2009,3,80,Lee HyunJung,"Basic, SP",Psychic,7.2,7.3,holofoil
base3-3,Ditto,Pokémon,Rare Holo,Fossil,1999,3,50,Keiji Kinebuchi,Basic,Colorless,,,
hgss1-3,Clefable,Pokémon,Rare Holo,HeartGold & SoulSilver,2010,3,80,Masakazu Fukuda,Stage 1,Colorless,8.13,7.93,holofoil
ex13-2,Cradily δ,Pokémon,Rare Holo,Holon Phantoms,2006,2,100,Kouki Saitou,Stage 2,"Darkness, Metal",21.3,45.0,holofoil
hgss4-3,Celebi,Pokémon,Rare Holo,HS—Triumphant,2010,3,70,Shin Nagasawa,Basic,Psychic,12.78,24.53,holofoil
xy7-2,Gloom,Pokémon,Uncommon,Ancient Origins,2015,2,80,Masakazu Fukuda,Stage 1,Grass,0.27,0.25,normal
bw10-2,Masquerain,Pokémon,Rare,Plasma Blast,2013,2,80,5ban Graphics,"Stage 1, Team Plasma",Grass,0.56,0.54,normal
ex7-3,Dark Crobat,Pokémon,Rare Holo,Team Rocket Returns,2004,3,90,Kyoko Koizumi,Stage 2,"Grass, Darkness",29.34,139.49,holofoil
ex12-3,Cradily,Pokémon,Rare Holo,Legend Maker,2006,3,100,Hajime Kusajima,Stage 2,Grass,8.78,12.22,holofoil
swsh35-2,Weedle,Pokémon,Common,Champion's Path,2020,2,60,Yuka Morii,Basic,Grass,0.22,0.25,normal
gym2-2,Blaine's Charizard,Pokémon,Rare Holo,Gym Challenge,2000,2,100,Ken Sugimori,Stage 2,Fire,,,
xy2-3,Butterfree,Pokémon,Rare,Flashfire,2014,3,130,sui,Stage 2,Grass,0.67,0.67,normal
xy11-2,Tangrowth,Pokémon,Uncommon,Steam Siege,2016,2,130,kirisAki,Stage 1,Grass,0.15,0.2,normal
det1-3,Morelull,Pokémon,Common,Detective Pikachu,2019,3,50,MPC Film,Basic,Grass,0.34,0.32,holofoil
ex3-3,Crawdaunt,Pokémon,Rare Holo,Dragon,2003,3,80,Hisao Nakamura,Stage 1,Water,8.36,8.86,holofoil
dv1-3,Dragonair,Pokémon,Rare Holo,Dragon Vault,2012,3,70,Hajime Kusajima,Stage 1,Dragon,4.91,5.1,holofoil
sm9-3,Weedle,Pokémon,Common,Team Up,2019,3,50,SATOSHI NAKAI,Basic,Grass,0.16,0.22,normal
pop7-2,Gallade,Pokémon,Rare,POP Series 7,2008,2,130,Daisuke Ito,Stage 2,Fighting,19.38,22.29,normal
sm1-2,Metapod,Pokémon,Uncommon,Sun & Moon,2017,2,80,Yuka Morii,Stage 1,Grass,0.29,0.3,normal
mcd19-3,Magmar,Pokémon,,McDonald's Collection 2019,2019,3,80,Yumi,Basic,Fire,10.19,10.0,holofoil
col1-2,Deoxys,Pokémon,Rare Holo,Call of Legends,2011,2,80,Ryo Ueda,Basic,Psychic,26.42,50.98,holofoil
pl1-3,Blaziken,Pokémon,Rare Holo,Platinum,2009,3,130,Hajime Kusajima,Stage 2,Fire,19.95,20.17,holofoil
sm115-2,Metapod,Pokémon,Uncommon,Hidden Fates,2019,2,90,Shibuzoh.,Stage 1,Grass,0.07,0.2,normal
gym1-3,Erika's Clefable,Pokémon,Rare Holo,Gym Heroes,2000,3,70,Atsuko Nishida,Stage 1,Colorless,,,
dp3-3,Charizard,Pokémon,Rare Holo,Secret Wonders,2007,3,130,Daisuke Ito,Stage 2,Fire,145.46,168.37,holofoil
sm2-1,Bellsprout,Pokémon,Common,Guardians Rising,2017,1,60,Aya Kusube,Basic,Grass,0.19,0.2,normal
base5-1,Dark Alakazam,Pokémon,Rare Holo,Team Rocket,2000,1,60,Ken Sugimori,Stage 2,Psychic,,,
xy4-1,Venonat,Pokémon,Common,Phantom Forces,2014,1,60,Sumiyoshi Kizuki,Basic,Grass,0.19,0.2,normal
bw11-1,Tangela,Pokémon,Common,Legendary Treasures,2013,1,70,kirisAki,Basic,Grass,0.28,0.25,normal
ex4-1,Team Aqua's Cacturne,Pokémon,Rare Holo,Team Magma vs Team Aqua,2004,1,80,K. Utsunomiya,Stage 1,"Grass, Darkness",25.4,23.52,holofoil
bw4-1,Pinsir,Pokémon,Rare,Next Destinies,2012,1,80,Masakazu Fukuda,Basic,Grass,0.61,0.62,normal
bw9-1,Weedle,Pokémon,Common,Plasma Freeze,2013,1,50,Sumiyoshi Kizuki,Basic,Grass,0.33,0.32,normal
base1-1,Alakazam,Pokémon,Rare Holo,Base,1999,1,80,Ken Sugimori,Stage 2,Psychic,71.19,69.5,holofoil
pop3-1,Blastoise,Pokémon,Rare,POP Series 3,2006,1,120,Mitsuhiro Arita,Stage 2,Water,149.99,175.0,normal
dp4-1,Blaziken,Pokémon,Rare Holo,Great Encounters,2008,1,130,Kagemaru Himeno,Stage 2,Fire,19.65,25.0,holofoil
bw7-1,Oddish,Pokémon,Common,Boundaries Crossed,2012,1,50,Kanako Eo,Basic,Grass,0.5,0.5,normal
ex8-1,Altaria,Pokémon,Rare Holo,Deoxys,2005,1,70,Kyoko Umemoto,Stage 1,Colorless,34.87,129.99,holofoil
bw5-1,Bulbasaur,Pokémon,Common,Dark Explorers,2012,1,60,Mitsuhiro Arita,Basic,Grass,5.54,4.87,normal
pop5-1,Ho-Oh,Pokémon,Rare,POP Series 5,2007,1,80,Mitsuhiro Arita,Basic,Fire,6.51,40.98,normal
sm5-1,Exeggcute,Pokémon,Common,Ultra Prism,2018,1,50,kawayoo,Basic,Grass,0.21,0.25,normal
xy10-1,Shuckle,Pokémon,Uncommon,Fates Collide,2016,1,80,sui,Basic,Grass,0.25,0.25,normal
sm8-1,Tangela,Pokémon,Common,Lost Thunder,2018,1,80,Ken Sugimori,Basic,Grass,0.29,0.33,normal
hgss2-1,Jirachi,Pokémon,Rare Holo,HS—Unleashed,2010,1,60,Wataru Kawahara,Basic,Psychic,22.4,19.99,holofoil
dpp-DP01,Turtwig,Pokémon,Promo,DP Black Star Promos,2007,DP01,60,Masakazu Fukuda,Basic,Grass,27.89,29.99,holofoil
swsh1-1,Celebi V,Pokémon,Rare Holo V,Sword & Shield,2020,1,180,PLANETA Igarashi,"Basic, V",Grass,1.7,1.75,holofoil
basep-1,Pikachu,Pokémon,Promo,Wizards Black Star Promos,1999,1,60,Keiji Kinebuchi,Basic,Lightning,,,
swsh4-1,Weedle,Pokémon,Common,Vivid Voltage,2020,1,40,sui,Basic,Grass,0.05,0.15,normal
xy1-1,Venusaur-EX,Pokémon,Rare Holo EX,XY,2014,1,180,Eske Yoshinob,"Basic, EX",Grass,6.6,7.0,holofoil
pop1-1,Blaziken,Pokémon,Rare,POP Series 1,2004,1,110,Katsura Tabata,Stage 2,Fire,10.81,47.45,normal
bw8-1,Turtwig,Pokémon,Common,Plasma Storm,2013,1,70,Kouki Saitou,Basic,Grass,0.41,0.4,normal
base6-1,Alakazam,Pokémon,Rare Holo,Legendary Collection,2002,1,80,Ken Sugimori,Stage 2,Psychic,58.98,59.99,holofoil
pop9-1,Garchomp,Pokémon,Rare,POP Series 9,2009,1,130,Kagemaru Himeno,Stage 2,Colorless,52.81,50.93,normal
pop4-1,Chimecho δ,Pokémon,Rare,POP Series 4,2006,1,60,Masakazu Fukuda,Basic,Metal,605.26,12499.5,normal
neo4-1,Dark Ampharos,Pokémon,Rare Holo,Neo Destiny,2002,1,70,Kagemaru Himeno,Stage 2,Lightning,,,
neo3-1,Ampharos,Pokémon,Rare Holo,Neo Revelation,2001,1,90,Toshinao Aoki,Stage 2,Lightning,,,
pl4-1,Charizard,Pokémon,Rare Holo,Arceus,2009,1,140,Kagemaru Himeno,Stage 2,Fire,56.05,135.45,holofoil
mcd19-4,Alolan Sandshrew,Pokémon,,McDonald's Collection 2019,2019,4,60,Shin Nagasawa,Basic,Water,4.78,4.78,holofoil
sm115-3,Butterfree,Pokémon,Rare,Hidden Fates,2019,3,130,Masakazu Fukuda,Stage 2,Grass,0.18,0.25,normal
base3-4,Dragonite,Pokémon,Rare Holo,Fossil,1999,4,100,Kagemaru Himeno,Stage 2,Colorless,,,
ex9-3,Exploud,Pokémon,Rare Holo,Emerald,2005,3,120,Hajime Kusajima,Stage 2,Colorless,17.9,142.5,normal
pop7-3,Latias,Pokémon,Rare,POP Series 7,2008,3,80,Daisuke Ito,Basic,Colorless,31.63,17.68,normal
pop6-4,Pachirisu,Pokémon,Rare,POP Series 6,2007,4,70,Atsuko Nishida,Basic,Lightning,6.72,14.9,normal
det1-4,Charmander,Pokémon,Common,Detective Pikachu,2019,4,60,MPC Film,Basic,Fire,0.7,0.62,holofoil
ex4-2,Team Aqua's Crawdaunt,Pokémon,Rare Holo,Team Magma vs Team Aqua,2004,2,80,Nakaoka,Stage 1,"Water, Darkness",19.07,13.98,holofoil
hgss1-4,Gyarados,Pokémon,Rare Holo,HeartGold & SoulSilver,2010,4,130,Mitsuhiro Arita,Stage 1,Water,40.49,36.75,holofoil
xy1-2,M Venusaur-EX,Pokémon,Rare Holo EX,XY,2014,2,230,5ban Graphics,"MEGA, EX",Grass,21.54,21.02,holofoil
ex8-2,Beautifly,Pokémon,Rare Holo,Deoxys,2005,2,100,Kagemaru Himeno,Stage 2,Grass,10.7,25.0,normal
bw5-2,Ivysaur,Pokémon,Uncommon,Dark Explorers,2012,2,90,sui,Stage 1,Grass,9.41,9.0,normal
dpp-DP02,Chimchar,Pokémon,Promo,DP Black Star Promos,2007,DP02,50,Kagemaru Himeno,Basic,Fire,17.59,8.0,holofoil
sm2-2,Weepinbell,Pokémon,Uncommon,Guardians Rising,2017,2,80,Mina Nakai,Stage 1,Grass,0.21,0.21,normal
pop4-2,Deoxys δ,Pokémon,Rare,POP Series 4,2006,2,70,Kouki Saitou,Basic,Colorless,44.55,309.45,normal
bw7-2,Gloom,Pokémon,Uncommon,Boundaries Crossed,2012,2,80,Atsuko Nishida,Stage 1,Grass,0.41,0.35,normal
xy4-2,Venomoth,Pokémon,Rare,Phantom Forces,2014,2,90,5ban Graphics,Stage 1,Grass,0.68,0.6,normal
col1-3,Dialga,Pokémon,Rare Holo,Call of Legends,2011,3,100,Ayaka Yoshida,Basic,Metal,31.14,17.45,holofoil
ex12-4,Delcatty,Pokémon,Rare Holo,Legend Maker,2006,4,80,Naoyo Kimura,Stage 1,Colorless,13.97,11.0,holofoil
bw11-2,Tangrowth,Pokémon,Rare,Legendary Treasures,2013,2,120,Kagemaru Himeno,Stage 1,Grass,0.41,0.4,normal
pl1-4,Delcatty,Pokémon,Rare Holo,Platinum,2009,4,90,Mitsuhiro Arita,Stage 1,Colorless,10.48,9.8,holofoil
swsh35-3,Kakuna,Pokémon,Common,Champion's Path,2020,3,80,Miki Tanaka,Stage 1,Grass,0.1,0.15,normal
base5-2,Dark Arbok,Pokémon,Rare Holo,Team Rocket,2000,2,60,Mitsuhiro Arita,Stage 1,Grass,,,
ecard2-H4,Azumarill,Pokémon,Rare Holo,Aquapolis,2003,H4,70,Kagemaru Himeno,Stage 1,Water,,,
neo4-2,Dark Crobat,Pokémon,Rare Holo,Neo Destiny,2002,2,70,"Shin-ichi Yoshikawa, CR CG gangs",Stage 2,Grass,,,
ex3-4,Flygon,Pokémon,Rare Holo,Dragon,2003,4,120,Mitsuhiro Arita,Stage 2,Colorless,53.28,267.2,holofoil
xy2-4,Pineco,Pokémon,Common,Flashfire,2014,4,60,Suwama Chiaki,Basic,Grass,0.17,0.2,normal
pop5-2,Lugia,Pokémon,Rare,POP Series 5,2007,2,80,Mitsuhiro Arita,Basic,Psychic,77.0,320.5,normal
base6-2,Articuno,Pokémon,Rare Holo,Legendary Collection,2002,2,70,Mitsuhiro Arita,Basic,Water,33.19,77.08,holofoil
dv1-4,Dragonair,Pokémon,Rare Holo,Dragon Vault,2012,4,70,Kagemaru Himeno,Stage 1,Dragon,11.12,12.0,holofoil
ex11-4,Espeon δ,Pokémon,Rare Holo,Delta Species,2005,4,70,Ryo Ueda,Stage 1,"Psychic, Metal",168.39,249.99,holofoil
dp4-2,Cresselia,Pokémon,Rare Holo,Great Encounters,2008,2,80,Ryo Ueda,Basic,Psychic,15.44,12.27,holofoil
dp1-2,Dusknoir,Pokémon,Rare Holo,Diamond & Pearl,2007,2,120,Takabon,Stage 2,Psychic,12.79,8.0,holofoil
gym2-3,Brock's Ninetales,Pokémon,Rare Holo,Gym Challenge,2000,3,70,Ken Sugimori,Stage 1,Fire,,,
pop1-2,Metagross,Pokémon,Rare,POP Series 1,2004,2,100,Ken Sugimori,Stage 2,Metal,5.34,14.49,normal
si1-3,Onix,Pokémon,,Southern Islands,2001,3,90,Keiko Fukuyama,Basic,Fighting,38.33,66.67,normal
dp3-4,Entei,Pokémon,Rare Holo,Secret Wonders,2007,4,80,Ryo Ueda,Basic,Fire,40.74,40.37,holofoil
base4-4,Charizard,Pokémon,Rare Holo,Base Set 2,2000,4,120,Mitsuhiro Arita,Stage 2,Fire,386.81,499.99,holofoil
pl4-2,Froslass,Pokémon,Rare Holo,Arceus,2009,2,80,TOKIYA,Stage 1,Water,6.02,11.43,holofoil
bw8-2,Grotle,Pokémon,Uncommon,Plasma Storm,2013,2,100,Sumiyoshi Kizuki,Stage 1,Grass,0.43,0.43,normal
pop3-2,Flareon,Pokémon,Rare,POP Series 3,2006,2,70,Masakazu Fukuda,Stage 1,Fire,22.31,7.3,normal
xy11-3,Hoppip,Pokémon,Common,Steam Siege,2016,3,40,Mina Nakai,Basic,Grass,0.19,0.2,normal
sm3-2,Metapod,Pokémon,Uncommon,Burning Shadows,2017,2,80,Suwama Chiaki,Stage 1,Grass,0.18,0.2,normal
swsh1-2,Roselia,Pokémon,Common,Sword & Shield,2020,2,70,sowsow,Basic,Grass,0.17,0.2,normal
pop9-2,Manaphy,Pokémon,Rare,POP Series 9,2009,2,70,Masakazu Fukuda,Basic,Water,3.33,4.01,normal
xy7-3,Vileplume,Pokémon,Rare,Ancient Origins,2015,3,130,Midori Harada,Stage 2,Grass,0.49,0.5,normal
bw10-3,Lileep,Pokémon,Uncommon,Plasma Blast,2013,3,80,Suwama Chiaki,Restored,Grass,0.58,0.52,normal
bw4-2,Seedot,Pokémon,Common,Next Destinies,2012,2,40,Kagemaru Himeno,Basic,Grass,0.22,0.23,normal
sm9-4,Kakuna,Pokémon,Uncommon,Team Up,2019,4,80,Yuka Morii,Stage 1,Grass,0.34,0.35,normal
hgss4-4,Drapion,Pokémon,Rare Holo,HS—Triumphant,2010,4,100,Sumiyoshi Kizuki,Stage 1,Darkness,2.83,3.06,holofoil
ex13-3,Deoxys δ,Pokémon,Rare Holo,Holon Phantoms,2006,3,70,Mitsuhiro Arita,Basic,Darkness,58.47,404.9,holofoil
sm5-2,Yanma,Pokémon,Common,Ultra Prism,2018,2,70,Akira Komayama,Basic,Grass,0.15,0.2,normal
sm75-1,Charmander,Pokémon,Common,Dragon Majesty,2018,1,70,tetsuya koizumi,Basic,Fire,3.66,3.99,normal
ex10-1,Ampharos,Pokémon,Rare Holo,Unseen Forces,2005,1,120,Kyoko Umemoto,Stage 2,Lightning,67.25,314.49,holofoil
bw6-1,Hoppip,Pokémon,Common,Dragons Exalted,2012,1,30,Kouki Saitou,Basic,Grass,0.36,0.36,normal
si1-4,Togepi,Pokémon,,Southern Islands,2001,4,40,Keiko Fukuyama,Basic,Colorless,126.68,181.34,reverseHolofoil
bw5-3,Venusaur,Pokémon,Rare Holo,Dark Explorers,2012,3,140,Masakazu Fukuda,Stage 2,Grass,13.88,13.88,holofoil
dp1-3,Electivire,Pokémon,Rare Holo,Diamond & Pearl,2007,3,100,Nakaoka,Stage 1,Lightning,13.99,18.08,holofoil
xy11-4,Skiploom,Pokémon,Uncommon,Steam Siege,2016,4,70,Eri Yamaki,Stage 1,Grass,0.16,0.2,normal
hgss4-5,Mamoswine,Pokémon,Rare Holo,HS—Triumphant,2010,5,140,Kagemaru Himeno,Stage 2,Water,3.21,3.25,holofoil
sm12-3,Gloom,Pokémon,Uncommon,Cosmic Eclipse,2019,3,80,sui,Stage 1,Grass,0.18,0.25,normal
ex7-4,Dark Electrode,Pokémon,Rare Holo,Team Rocket Returns,2004,4,70,Kouki Saitou,Stage 1,"Lightning, Darkness",26.71,241.95,holofoil
sm5-3,Yanmega,Pokémon,Uncommon,Ultra Prism,2018,3,120,SATOSHI NAKAI,Stage 1,Grass,0.14,0.22,normal
swsh1-3,Roselia,Pokémon,Common,Sword & Shield,2020,3,70,Naoyo Kimura,Basic,Grass,0.07,0.15,normal
pl3-4,Electivire FB,Pokémon,Rare Holo,Supreme Victors,2009,4,90,Hironobu Yoshida,"Basic, SP",Lightning,12.76,21.36,holofoil
hgss1-5,Hitmontop,Pokémon,Rare Holo,HeartGold & SoulSilver,2010,5,60,Ken Sugimori,Basic,Fighting,6.37,5.59,holofoil
ex12-5,Gengar,Pokémon,Rare Holo,Legend Maker,2006,5,100,Kouki Saitou,Stage 2,Psychic,131.31,155.99,holofoil
pl4-3,Heatran,Pokémon,Rare Holo,Arceus,2009,3,100,Keiko Moritsugu,Basic,Fire,2.97,2.96,holofoil
bw10-4,Cradily,Pokémon,Rare,Plasma Blast,2013,4,120,kawayoo,Stage 1,Grass,1.35,1.35,normal
pop4-3,Flygon,Pokémon,Rare,POP Series 4,2006,3,120,Hisao Nakamura,Stage 2,Fighting,19.0,242.99,normal
ex3-5,Golem,Pokémon,Rare Holo,Dragon,2003,5,120,Hisao Nakamura,Stage 2,Fighting,43.02,47.01,holofoil
swsh4-2,Kakuna,Pokémon,Uncommon,Vivid Voltage,2020,2,80,Naoyo Kimura,Stage 1,Grass,0.05,0.15,normal
xy5-4,Tangela,Pokémon,Common,Primal Clash,2015,4,80,match,Basic,Grass,0.17,0.2,normal
ex9-4,Gardevoir,Pokémon,Rare Holo,Emerald,2005,4,100,Kagemaru Himeno,Stage 2,Psychic,43.5,46.66,holofoil
ex11-5,Flareon δ,Pokémon,Rare Holo,Delta Species,2005,5,70,Kouki Saitou,Stage 1,"Fire, Metal",119.39,127.89,holofoil
ex4-3,Team Aqua's Kyogre,Pokémon,Rare Holo,Team Magma vs Team Aqua,2004,3,100,K. Hoshiba,Basic,"Water, Darkness",55.1,534.51,holofoil
base3-5,Gengar,Pokémon,Rare Holo,Fossil,1999,5,80,Keiji Kinebuchi,Stage 2,Psychic,,,
dv1-5,Dragonite,Pokémon,Rare Holo,Dragon Vault,2012,5,150,Mitsuhiro Arita,Stage 2,Dragon,22.15,23.9,holofoil
dp4-3,Darkrai,Pokémon,Rare Holo,Great Encounters,2008,3,70,Masakazu Fukuda,Basic,Darkness,26.19,273.19,holofoil
dp3-5,Flygon,Pokémon,Rare Holo,Secret Wonders,2007,5,120,Daisuke Ito,Stage 2,Fighting,10.79,12.98,holofoil
bw1-3,Servine,Pokémon,Uncommon,Black & White,2011,3,80,Kagemaru Himeno,Stage 1,Grass,0.45,0.39,normal
ecard2-H5,Bellossom,Pokémon,Rare Holo,Aquapolis,2003,H5,90,Sumiyoshi Kizuki,Stage 2,Grass,,,
pop1-3,Rayquaza,Pokémon,Rare,POP Series 1,2004,3,80,Katsura Tabata,Basic,Colorless,58.67,80.78,normal
gym2-4,Erika's Venusaur,Pokémon,Rare Holo,Gym Challenge,2000,4,90,Ken Sugimori,Stage 2,Grass,,,
xy4-3,Yanma,Pokémon,Common,Phantom Forces,2014,3,70,Shin Nagasawa,Basic,Grass,0.14,0.2,normal
ex10-2,Ariados,Pokémon,Rare Holo,Unseen Forces,2005,2,70,Mitsuhiro Arita,Stage 1,Grass,14.09,20.72,holofoil
xy7-4,Bellossom,Pokémon,Uncommon,Ancient Origins,2015,4,120,Mizue,Stage 2,Grass,0.37,0.35,normal
pl1-5,Dialga,Pokémon,Rare Holo,Platinum,2009,5,100,Mitsuhiro Arita,Basic,Metal,15.35,15.0,holofoil
pop3-3,Jolteon,Pokémon,Rare,POP Series 3,2006,3,70,Masakazu Fukuda,Stage 1,Lightning,23.75,59.99,normal
ex8-3,Breloom,Pokémon,Rare Holo,Deoxys,2005,3,80,Hajime Kusajima,Stage 1,Fighting,26.0,19.9,normal
basep-2,Electabuzz,Pokémon,Promo,Wizards Black Star Promos,1999,2,60,Ken Sugimori,Basic,Lightning,10.19,9.01,normal
base6-3,Charizard,Pokémon,Rare Holo,Legendary Collection,2002,3,120,Mitsuhiro Arita,Stage 2,Fire,486.99,700.0,holofoil
bw4-3,Kricketot,Pokémon,Common,Next Destinies,2012,3,60,MAHOU,Basic,Grass,0.22,0.25,normal
hgss2-2,Magmortar,Pokémon,Rare Holo,HS—Unleashed,2010,2,110,Hajime Kusajima,Stage 1,Fire,4.53,5.5,holofoil
bw11-3,Shuckle,Pokémon,Uncommon,Legendary Treasures,2013,3,80,MAHOU,Basic,Grass,5.04,9.47,normal
pop7-4,Latios,Pokémon,Rare,POP Series 7,2008,4,90,Daisuke Ito,Basic,Colorless,23.13,12.79,normal
ru1-4,Heatran,Pokémon,,Pokémon Rumble,2009,4,110,Pokemon Rumble,Basic,Fire,46.9,109.98,normal
neo3-2,Blissey,Pokémon,Rare Holo,Neo Revelation,2001,2,120,Yuka Morii,Stage 1,Colorless,,,
mcd19-5,Lapras,Pokémon,,McDonald's Collection 2019,2019,5,120,Saya Tsuruta,Basic,Water,17.06,22.0,holofoil
sm8-2,Tangrowth,Pokémon,Rare,Lost Thunder,2018,2,140,Atsuko Nishida,Stage 1,Grass,0.35,0.35,normal
sm75-2,Charmeleon,Pokémon,Uncommon,Dragon Majesty,2018,2,80,kodama,Stage 1,Fire,0.77,0.77,normal
sm9-5,Beedrill,Pokémon,Rare,Team Up,2019,5,130,You Iribi,Stage 2,Grass,0.37,0.38,normal
bw6-2,Skiploom,Pokémon,Uncommon,Dragons Exalted,2012,2,60,Suwama Chiaki,Stage 1,Grass,0.24,0.29,normal
neo4-3,Dark Donphan,Pokémon,Rare Holo,Neo Destiny,2002,3,60,Shin-ichi Yoshida,Stage 1,Fighting,,,
bw7-3,Vileplume,Pokémon,Rare Holo,Boundaries Crossed,2012,3,140,Shin Nagasawa,Stage 2,Grass,3.36,3.35,holofoil
swsh35-4,Beedrill,Pokémon,Uncommon,Champion's Path,2020,4,140,Hideki Ishikawa,Stage 2,Grass,0.1,0.16,normal
pop9-3,Raichu,Pokémon,Rare,POP Series 9,2009,3,90,Midori Harada,Stage 1,Lightning,9.6,21.8,normal
dpp-DP03,Piplup,Pokémon,Promo,DP Black Star Promos,2007,DP03,60,Atsuko Nishida,Basic,Water,18.97,24.99,holofoil
xy10-2,Burmy,Pokémon,Common,Fates Collide,2016,2,60,Kouki Saitou,Basic,Grass,0.15,0.18,normal
sm115-4,Paras,Pokémon,Common,Hidden Fates,2019,4,70,OOYAMA,Basic,Grass,0.04,0.15,normal
base1-2,Blastoise,Pokémon,Rare Holo,Base,1999,2,100,Ken Sugimori,Stage 2,Water,206.42,218.34,holofoil
sm3-3,Butterfree,Pokémon,Rare,Burning Shadows,2017,3,120,Shin Nagasawa,Stage 2,Grass,0.39,0.37,normal
xy2-5,Seedot,Pokémon,Common,Flashfire,2014,5,50,Naoyo Kimura,Basic,Grass,0.16,0.2,normal
xy1-3,Weedle,Pokémon,Common,XY,2014,3,50,Suwama Chiaki,Basic,Grass,0.28,0.25,normal
ex14-2,Blastoise δ,Pokémon,Rare Holo,Crystal Guardians,2006,2,110,Masakazu Fukuda,Stage 2,"Fighting, Metal",263.3,275.06,holofoil
det1-5,Charizard,Pokémon,Rare Ultra,Detective Pikachu,2019,5,180,Framestore,Stage 2,Fire,9.88,9.77,holofoil
pl1-6,Dialga,Pokémon,Rare Holo,Platinum,2009,6,100,Kouki Saitou,Basic,Metal,12.88,26.37,holofoil
dpp-DP04,Pachirisu,Pokémon,Promo,DP Black Star Promos,2007,DP04,70,Atsuko Nishida,Basic,Lightning,20.67,14.95,holofoil
xy5-5,Tangrowth,Pokémon,Rare,Primal Clash,2015,5,130,MAHOU,Stage 1,Grass,0.34,0.33,normal
pop6-5,Rampardos,Pokémon,Rare,POP Series 6,2007,5,120,Kazuyuki Kano,Stage 2,Fighting,3.36,4.58,normal
xy2-6,Nuzleaf,Pokémon,Uncommon,Flashfire,2014,6,80,Midori Harada,Stage 1,Grass,0.15,0.25,normal
ex14-3,Camerupt,Pokémon,Rare Holo,Crystal Guardians,2006,3,80,Mitsuhiro Arita,Stage 1,Fire,7.49,14.0,holofoil
dv1-6,Bagon,Pokémon,Rare Holo,Dragon Vault,2012,6,50,Kouki Saitou,Basic,Dragon,1.7,1.7,holofoil
ex8-4,Camerupt,Pokémon,Rare Holo,Deoxys,2005,4,90,Tomokazu Komiya,Stage 1,Fire,25.61,67.29,holofoil
dp4-4,Darkrai,Pokémon,Rare Holo,Great Encounters,2008,4,80,Ryo Ueda,Basic,Darkness,25.78,24.25,holofoil
pop4-4,Mew,Pokémon,Rare,POP Series 4,2006,4,70,Nakaoka,Basic,Psychic,80.0,420.09,normal
neo3-3,Celebi,Pokémon,Rare Holo,Neo Revelation,2001,3,50,Hironobu Yoshida,Basic,Psychic,,,
sm9-6,Paras,Pokémon,Common,Team Up,2019,6,70,Naoyo Kimura,Basic,Grass,0.18,0.2,normal
sm8-3,Scyther,Pokémon,Common,Lost Thunder,2018,3,80,Kouki Saitou,Basic,Grass,0.28,0.3,normal
hgss2-3,Manaphy,Pokémon,Rare Holo,HS—Unleashed,2010,3,60,Masakazu Fukuda,Basic,Water,7.44,15.64,holofoil
base5-3,Dark Blastoise,Pokémon,Rare Holo,Team Rocket,2000,3,70,Mitsuhiro Arita,Stage 2,Water,,,
dp1-4,Empoleon,Pokémon,Rare Holo,Diamond & Pearl,2007,4,130,Nakaoka,Stage 2,Water,14.21,14.31,holofoil
base3-6,Haunter,Pokémon,Rare Holo,Fossil,1999,6,50,Ken Sugimori,Stage 1,Psychic,,,
neo4-4,Dark Espeon,Pokémon,Rare Holo,Neo Destiny,2002,4,60,Atsuko Nishida,Stage 1,Psychic,,,
sm2-3,Victreebel,Pokémon,Rare,Guardians Rising,2017,3,140,TOKIYA,Stage 2,Grass,0.34,0.34,normal
bw10-5,Tropius,Pokémon,Uncommon,Plasma Blast,2013,5,100,Shigenori Negishi,Basic,Grass,0.27,0.27,normal
pop9-4,Regigigas,Pokémon,Rare,POP Series 9,2009,4,100,Kent Kanetsuna,Basic,Colorless,3.07,3.03,normal
ex11-6,Gardevoir δ,Pokémon,Rare Holo,Delta Species,2005,6,100,Mitsuhiro Arita,Stage 2,"Psychic, Metal",90.49,90.97,holofoil
hgss4-6,Nidoking,Pokémon,Rare Holo,HS—Triumphant,2010,6,140,match,Stage 2,Fighting,10.89,12.02,holofoil
ex10-3,Bellossom,Pokémon,Rare Holo,Unseen Forces,2005,3,90,Kouki Saitou,Stage 2,Grass,24.11,19.98,holofoil
si1-5,Ivysaur,Pokémon,,Southern Islands,2001,5,60,Keiko Fukuyama,Stage 1,Grass,43.6,145.29,normal
bw11-4,Cherubi,Pokémon,Uncommon,Legendary Treasures,2013,4,40,Atsuko Nishida,Basic,Grass,0.4,0.4,normal
swsh1-4,Roserade,Pokémon,Rare,Sword & Shield,2020,4,120,chibi,Stage 1,Grass,0.23,0.25,normal
bw7-4,Bellossom,Pokémon,Rare,Boundaries Crossed,2012,4,110,Mizue,Stage 2,Grass,0.72,0.71,normal
bw8-3,Torterra,Pokémon,Rare,Plasma Storm,2013,3,150,5ban Graphics,"Stage 2, Team Plasma",Grass,5.74,5.72,normal
ex7-5,Dark Houndoom,Pokémon,Rare Holo,Team Rocket Returns,2004,5,70,Mitsuhiro Arita,Stage 1,"Fire, Darkness",64.56,87.49,holofoil
xy10-3,Wormadam,Pokémon,Uncommon,Fates Collide,2016,3,120,kawayoo,Stage 1,Grass,0.27,0.25,normal
base1-3,Chansey,Pokémon,Rare Holo,Base,1999,3,120,Ken Sugimori,Basic,Colorless,49.22,45.0,holofoil
sm115-5,Scyther,Pokémon,Uncommon,Hidden Fates,2019,5,100,Hasuno,Basic,Grass,0.1,0.19,normal
sm75-3,Charizard,Pokémon,Rare Holo,Dragon Majesty,2018,3,160,Ryota Murayama,Stage 2,Fire,14.04,15.28,holofoil
xy11-5,Jumpluff,Pokémon,Rare,Steam Siege,2016,5,90,Suwama Chiaki,Stage 2,Grass,0.29,0.31,normal
det1-6,Arcanine,Pokémon,Rare,Detective Pikachu,2019,6,120,MPC Film,Stage 1,Fire,2.56,2.6,holofoil
ex9-5,Groudon,Pokémon,Rare Holo,Emerald,2005,5,80,Kouki Saitou,Basic,Fighting,23.62,75.37,normal
pop1-4,Sceptile,Pokémon,Rare,POP Series 1,2004,4,100,Hiromichi Sugiyama,Stage 2,Grass,19.67,19.59,normal
bw9-2,Kakuna,Pokémon,Uncommon,Plasma Freeze,2013,2,80,match,Stage 1,Grass,0.32,0.32,normal
pop3-4,Minun,Pokémon,Rare,POP Series 3,2006,4,50,Sumiyoshi Kizuki,Basic,Lightning,8.21,80.0,normal
ex12-6,Golem,Pokémon,Rare Holo,Legend Maker,2006,6,120,Hajime Kusajima,Stage 2,Fighting,10.22,10.22,holofoil
bw4-4,Kricketune,Pokémon,Uncommon,Next Destinies,2012,4,90,Naoyo Kimura,Stage 1,Grass,0.29,0.29,normal
base6-4,Dark Blastoise,Pokémon,Rare Holo,Legendary Collection,2002,4,70,Mitsuhiro Arita,Stage 2,Water,140.5,75.64,holofoil
basep-3,Mewtwo,Pokémon,Promo,Wizards Black Star Promos,1999,3,70,Ken Sugimori,Basic,Psychic,41.78,40.41,normal
dp3-6,Gallade,Pokémon,Rare Holo,Secret Wonders,2007,6,130,Daisuke Ito,Stage 2,Fighting,10.91,66.82,holofoil
hgss1-6,Jumpluff,Pokémon,Rare Holo,HeartGold & SoulSilver,2010,6,90,sui,Stage 2,Grass,6.9,7.0,holofoil
mcd19-6,Pikachu,Pokémon,,McDonald's Collection 2019,2019,6,60,Kagemaru Himeno,Basic,Lightning,28.55,361.38,holofoil
sm12-4,Vileplume-GX,Pokémon,Rare Holo GX,Cosmic Eclipse,2019,4,240,Kagemaru Himeno,"Stage 2, GX",Grass,16.71,19.23,holofoil
pop7-5,Mothim,Pokémon,Rare,POP Series 7,2008,5,80,Kazuyuki Kano,Stage 1,Grass,1.86,2.25,normal
swsh35-5,Eldegoss V,Pokémon,Rare Holo V,Champion's Path,2020,5,180,5ban Graphics,"Basic, V",Grass,1.0,1.0,holofoil
ex4-4,Team Aqua's Manectric,Pokémon,Rare Holo,Team Magma vs Team Aqua,2004,4,70,K. Utsunomiya,Stage 1,"Lightning, Darkness",22.37,39.5,holofoil
sm5-4,Roselia,Pokémon,Common,Ultra Prism,2018,4,70,Kyoko Umemoto,Basic,Grass,0.16,0.21,normal
bw6-3,Jumpluff,Pokémon,Rare,Dragons Exalted,2012,3,90,Kagemaru Himeno,Stage 2,Grass,0.83,0.78,normal
ecard2-H6,Blissey,Pokémon,Rare Holo,Aquapolis,2003,H6,120,Naoyo Kimura,Stage 1,Colorless,,,
ru1-5,Starmie,Pokémon,,Pokémon Rumble,2009,5,80,Pokemon Rumble,Stage 1,Water,119.98,149.98,normal
pl4-4,Kabutops,Pokémon,Rare Holo,Arceus,2009,4,130,Hajime Kusajima,Stage 2,Fighting,13.94,20.48,holofoil
hgss2-4,Metagross,Pokémon,Rare Holo,HS—Unleashed,2010,4,130,Wataru Kawahara,Stage 2,Psychic,14.13,14.0,holofoil
dv1-7,Shelgon,Pokémon,Rare Holo,Dragon Vault,2012,7,80,Akira Komayama,Stage 1,Dragon,1.69,1.5,holofoil
col1-4,Espeon,Pokémon,Rare Holo,Call of Legends,2011,4,90,match,Stage 1,Psychic,47.88,49.1,holofoil
gym1-4,Erika's Dragonair,Pokémon,Rare Holo,Gym Heroes,2000,4,80,Atsuko Nishida,Stage 1,Colorless,,,
sm8-4,Pinsir,Pokémon,Uncommon,Lost Thunder,2018,4,110,Suwama Chiaki,Basic,Grass,0.16,0.22,normal
bw5-4,Scyther,Pokémon,Uncommon,Dark Explorers,2012,4,80,Naoki Saito,Basic,Grass,3.86,3.81,normal
xy5-6,Treecko,Pokémon,Common,Primal Clash,2015,6,60,Akira Komayama,Basic,Grass,0.25,0.25,normal
mcd19-7,Gastly,Pokémon,,McDonald's Collection 2019,2019,7,50,Shibuzoh.,Basic,Psychic,12.07,5.0,holofoil
gym2-5,Giovanni's Gyarados,Pokémon,Rare Holo,Gym Challenge,2000,5,90,Ken Sugimori,Stage 1,Water,,,
sm3-4,Oddish,Pokémon,Common,Burning Shadows,2017,4,50,Sumiyoshi Kizuki,Basic,Grass,0.21,0.21,normal
ex13-4,Deoxys δ,Pokémon,Rare Holo,Holon Phantoms,2006,4,80,Kagemaru Himeno,Basic,Metal,37.49,411.6,holofoil
sm115-6,Pinsir-GX,Pokémon,Rare Holo GX,Hidden Fates,2019,6,180,5ban Graphics,"Basic, GX",Grass,1.38,1.57,holofoil
xy7-5,Spinarak,Pokémon,Common,Ancient Origins,2015,5,50,Naoyo Kimura,Basic,Grass,0.18,0.2,normal
xy2-7,Shiftry,Pokémon,Rare Holo,Flashfire,2014,7,140,Kouki Saitou,Stage 2,Grass,0.46,0.5,holofoil
base4-5,Clefable,Pokémon,Rare Holo,Base Set 2,2000,5,70,Mitsuhiro Arita,Stage 1,Colorless,17.7,16.16,holofoil
xy1-4,Kakuna,Pokémon,Uncommon,XY,2014,4,70,Kouki Saitou,Stage 1,Grass,0.3,0.29,normal
xy11-6,Yanma,Pokémon,Common,Steam Siege,2016,6,70,match,Basic,Grass,0.12,0.17,normal
ex12-7,Kabutops,Pokémon,Rare Holo,Legend Maker,2006,7,110,Mitsuhiro Arita,Stage 2,Fighting,36.46,96.78,holofoil
pl4-5,Luxray,Pokémon,Rare Holo,Arceus,2009,5,120,kawayoo,Stage 2,Lightning,5.14,4.99,holofoil
xy4-4,Yanmega,Pokémon,Rare,Phantom Forces,2014,4,110,Mitsuhiro Arita,Stage 1,Grass,0.39,0.39,normal
hgss1-7,Ninetales,Pokémon,Rare Holo,HeartGold & SoulSilver,2010,7,90,TOKIYA,Stage 1,Fire,31.14,40.0,holofoil
bw7-5,Tangela,Pokémon,Common,Boundaries Crossed,2012,5,80,MAHOU,Basic,Grass,0.31,0.35,normal
dp3-7,Gardevoir,Pokémon,Rare Holo,Secret Wonders,2007,7,110,Atsuko Nishida,Stage 2,Psychic,53.02,30.29,holofoil
bw1-4,Servine,Pokémon,Uncommon,Black & White,2011,4,80,5ban Graphics,Stage 1,Grass,0.6,0.49,normal
base3-7,Hitmonlee,Pokémon,Rare Holo,Fossil,1999,7,60,Ken Sugimori,Basic,Fighting,,,
base6-5,Dark Dragonite,Pokémon,Rare Holo,Legendary Collection,2002,5,70,Mitsuhiro Arita,Stage 2,Colorless,209.26,275.0,holofoil
sm5-5,Roserade,Pokémon,Rare,Ultra Prism,2018,5,100,Mitsuhiro Arita,Stage 1,Grass,0.38,0.38,normal
bw10-6,Karrablast,Pokémon,Common,Plasma Blast,2013,6,60,match,Basic,Grass,0.19,0.22,normal
basep-4,Pikachu,Pokémon,Promo,Wizards Black Star Promos,1999,4,50,Ken Sugimori,Basic,Lightning,42.01,56.0,normal
pop7-6,Delibird,Pokémon,Uncommon,POP Series 7,2008,6,70,Masakazu Fukuda,Basic,Water,18.08,25.37,normal
si1-6,Raticate,Pokémon,,Southern Islands,2001,6,60,Keiko Fukuyama,Stage 1,Colorless,25.67,35.0,normal
det1-7,Psyduck,Pokémon,Common,Detective Pikachu,2019,7,80,Framestore,Basic,Water,0.59,0.63,holofoil
dp1-5,Infernape,Pokémon,Rare Holo,Diamond & Pearl,2007,5,100,Nakaoka,Stage 2,Fire,18.42,18.58,holofoil
pop3-5,Plusle,Pokémon,Rare,POP Series 3,2006,5,50,Sumiyoshi Kizuki,Basic,Lightning,21.96,32.0,normal
ex7-6,Dark Hypno,Pokémon,Rare Holo,Team Rocket Returns,2004,6,70,Kouki Saitou,Stage 1,"Psychic, Darkness",54.71,60.96,holofoil
pop9-5,Rotom,Pokémon,Rare,POP Series 9,2009,5,70,Masakazu Fukuda,Basic,Lightning,3.6,4.02,normal
ex10-4,Feraligatr,Pokémon,Rare Holo,Unseen Forces,2005,4,120,Masakazu Fukuda,Stage 2,Water,88.45,108.33,holofoil
hgss4-7,Porygon-Z,Pokémon,Rare Holo,HS—Triumphant,2010,7,110,Kouki Saitou,Stage 2,Colorless,5.37,7.71,holofoil
neo3-4,Crobat,Pokémon,Rare Holo,Neo Revelation,2001,4,90,Shin-ichi Yoshida,Stage 2,Grass,,,
sm2-4,Petilil,Pokémon,Common,Guardians Rising,2017,4,50,Naoki Saito,Basic,Grass,0.16,0.18,normal
ex4-5,Team Aqua's Sharpedo,Pokémon,Rare Holo,Team Magma vs Team Aqua,2004,5,70,Katsura Tabata,Stage 1,"Water, Darkness",40.67,59.99,holofoil
base1-4,Charizard,Pokémon,Rare Holo,Base,1999,4,120,Mitsuhiro Arita,Stage 2,Fire,555.88,675.65,holofoil
pl3-5,Garchomp,Pokémon,Rare Holo,Supreme Victors,2009,5,130,Mitsuhiro Arita,Stage 2,Colorless,38.71,39.49,holofoil
pl1-7,Dialga G,Pokémon,Rare Holo,Platinum,2009,7,100,Yusuke Ishikawa,"Basic, SP",Metal,13.78,10.18,holofoil
dpp-DP05,Tropical Wind,Trainer,Promo,DP Black Star Promos,2007,DP05,,Sumiyoshi Kizuki,Item,,,575.0,normal
pop4-5,Sceptile,Pokémon,Rare,POP Series 4,2006,5,100,Atsuko Nishida,Stage 2,Grass,194.98,179.99,normal
neo4-5,Dark Feraligatr,Pokémon,Rare Holo,Neo Destiny,2002,5,80,Atsuko Nishida,Stage 2,Water,,,
pop5-3,Mew δ,Pokémon,Rare,POP Series 5,2007,3,60,Masakazu Fukuda,Basic,Fire,140.52,306.0,normal
base5-4,Dark Charizard,Pokémon,Rare Holo,Team Rocket,2000,4,80,Ken Sugimori,Stage 2,Fire,,,
bw11-5,Carnivine,Pokémon,Uncommon,Legendary Treasures,2013,5,80,HiRON,Basic,Grass,0.33,0.32,normal
sm1-3,Butterfree,Pokémon,Rare,Sun & Moon,2017,3,130,chibi,Stage 2,Grass,0.34,0.33,normal
ecard2-H7,Electrode,Pokémon,Rare Holo,Aquapolis,2003,H7,70,Shin-ichi Yoshida,Stage 1,Lightning,,,
swsh35-6,Vulpix,Pokémon,Common,Champion's Path,2020,6,60,Shibuzoh.,Basic,Fire,0.24,0.24,normal
pop1-5,Swampert,Pokémon,Rare,POP Series 1,2004,5,100,Hiromichi Sugiyama,Stage 2,Water,10.26,90.07,normal
xy10-4,Mothim,Pokémon,Rare,Fates Collide,2016,4,90,MAHOU,Stage 1,Grass,0.28,0.29,normal
bw9-3,Beedrill,Pokémon,Rare,Plasma Freeze,2013,3,120,kawayoo,Stage 2,Grass,1.06,0.59,normal
ex9-6,Kyogre,Pokémon,Rare Holo,Emerald,2005,6,80,Masakazu Fukuda,Basic,Water,1.31,35.0,normal
bw6-4,Yanma,Pokémon,Common,Dragons Exalted,2012,4,70,Yukiko Baba,Basic,Grass,0.25,0.25,normal
ex3-6,Grumpig,Pokémon,Rare Holo,Dragon,2003,6,80,Midori Harada,Stage 1,Psychic,18.33,18.96,holofoil
neo4-6,Dark Gengar,Pokémon,Rare Holo,Neo Destiny,2002,6,70,Aya Kusube,Stage 2,Psychic,,,
dpp-DP06,Buneary,Pokémon,Promo,DP Black Star Promos,2007,DP06,50,Kagemaru Himeno,Basic,Colorless,6.83,4.0,holofoil
ru1-6,Gyarados,Pokémon,,Pokémon Rumble,2009,6,130,Pokemon Rumble,Stage 1,Water,280.29,349.99,normal
ex10-5,Flareon,Pokémon,Rare Holo,Unseen Forces,2005,5,70,Naoyo Kimura,Stage 1,Fire,79.47,187.5,holofoil
ecard2-H8,Entei,Pokémon,Rare Holo,Aquapolis,2003,H8,70,Atsuko Nishida,Basic,Fire,,,
base5-5,Dark Dragonite,Pokémon,Rare Holo,Team Rocket,2000,5,70,Mitsuhiro Arita,Stage 2,Colorless,,,
gym2-6,Giovanni's Machamp,Pokémon,Rare Holo,Gym Challenge,2000,6,100,Ken Sugimori,Stage 2,Fighting,,,
hgss2-5,Mismagius,Pokémon,Rare Holo,HS—Unleashed,2010,5,90,Hideaki Hakozaki,Stage 1,Psychic,5.33,7.95,holofoil
col1-5,Forretress,Pokémon,Rare Holo,Call of Legends,2011,5,90,Kyoko Umemoto,Stage 1,Metal,4.07,4.0,holofoil
dv1-8,Salamence,Pokémon,Rare Holo,Dragon Vault,2012,8,140,BERUBURI,Stage 2,Dragon,4.4,4.08,holofoil
sm3-5,Gloom,Pokémon,Uncommon,Burning Shadows,2017,5,80,Shibuzoh.,Stage 1,Grass,0.23,0.25,normal
pop6-6,Drifloon,Pokémon,Uncommon,POP Series 6,2007,6,60,Mitsuhiro Arita,Basic,Psychic,73.75,925.0,normal
basep-5,Dragonite,Pokémon,Promo,Wizards Black Star Promos,1999,5,90,Toshinao Aoki,Stage 2,Colorless,54.0,52.79,normal
si1-7,Ledyba,Pokémon,,Southern Islands,2001,7,40,Keiko Fukuyama,Basic,Grass,64.87,68.5,reverseHolofoil
mcd19-8,Mankey,Pokémon,,McDonald's Collection 2019,2019,8,60,Miki Tanaka,Basic,Fighting,6.69,5.0,holofoil
pl1-8,Gardevoir,Pokémon,Rare Holo,Platinum,2009,8,120,Kouki Saitou,Stage 2,Psychic,47.99,44.99,holofoil
bw4-5,Shaymin-EX,Pokémon,Rare Holo EX,Next Destinies,2012,5,110,Shizurow,"Basic, EX",Grass,8.93,51.25,holofoil
pop7-7,Flaaffy,Pokémon,Uncommon,POP Series 7,2008,7,80,Kagemaru Himeno,Stage 1,Lightning,24.84,39.0,normal
xy5-7,Grovyle,Pokémon,Uncommon,Primal Clash,2015,7,80,match,Stage 1,Grass,0.38,0.38,normal
sm2-5,Lilligant,Pokémon,Rare,Guardians Rising,2017,5,90,You Iribi,Stage 1,Grass,0.37,0.35,normal
bw11-6,Snivy,Pokémon,Common,Legendary Treasures,2013,6,60,Aya Kusube,Basic,Grass,0.4,0.35,normal
xy7-6,Ariados,Pokémon,Uncommon,Ancient Origins,2015,6,70,Hajime Kusajima,Stage 1,Grass,0.23,0.24,normal
ex11-7,Jolteon δ,Pokémon,Rare Holo,Delta Species,2005,7,70,Kouki Saitou,Stage 1,"Lightning, Metal",144.82,174.66,holofoil
sm75-4,Torchic,Pokémon,Common,Dragon Majesty,2018,4,60,Kouki Saitou,Basic,Fire,0.28,0.26,normal
bw9-4,Exeggcute,Pokémon,Uncommon,Plasma Freeze,2013,4,30,Shigenori Negishi,Basic,Grass,4.55,3.99,normal
pop1-6,Beautifly,Pokémon,Uncommon,POP Series 1,2004,6,100,Ken Sugimori,Stage 2,Grass,8.96,11.63,normal
ex12-8,Lapras,Pokémon,Rare Holo,Legend Maker,2006,8,80,Kagemaru Himeno,Basic,Water,47.77,242.45,holofoil
swsh1-5,Cottonee,Pokémon,Common,Sword & Shield,2020,5,60,ryoma uratsuka,Basic,Grass,0.13,0.16,normal
bw6-5,Yanmega,Pokémon,Rare,Dragons Exalted,2012,5,100,Naoki Saito,Stage 1,Grass,0.88,0.87,normal
base6-6,Dark Persian,Pokémon,Rare Holo,Legendary Collection,2002,6,60,Shin-ichi Yoshida,Stage 1,Colorless,33.68,39.54,holofoil
bw8-4,Combee,Pokémon,Common,Plasma Storm,2013,4,30,Yukiko Baba,Basic,Grass,0.28,0.28,normal
dp4-5,Pachirisu,Pokémon,Rare Holo,Great Encounters,2008,5,70,Hironobu Yoshida,Basic,Lightning,15.17,15.46,holofoil
xy1-5,Beedrill,Pokémon,Rare,XY,2014,5,120,Shin Nagasawa,Stage 2,Grass,0.65,0.6,normal
pl4-6,Mothim,Pokémon,Rare Holo,Arceus,2009,6,90,Kagemaru Himeno,Stage 1,Grass,3.04,4.9,holofoil
base3-8,Hypno,Pokémon,Rare Holo,Fossil,1999,8,90,Ken Sugimori,Stage 1,Psychic,,,
dp3-8,Gastrodon East Sea,Pokémon,Rare Holo,Secret Wonders,2007,8,100,Kazuyuki Kano,Stage 1,Water,9.47,8.91,holofoil
dp1-6,Lucario,Pokémon,Rare Holo,Diamond & Pearl,2007,6,90,Ken Sugimori,Stage 1,Fighting,55.77,58.54,holofoil
sm1-4,Paras,Pokémon,Common,Sun & Moon,2017,4,60,Ayaka Yoshida,Basic,Grass,0.09,0.15,normal
ex9-7,Manectric,Pokémon,Rare Holo,Emerald,2005,7,80,Masakazu Fukuda,Stage 1,Lightning,8.55,5.0,normal
bw7-6,Tangrowth,Pokémon,Rare Holo,Boundaries Crossed,2012,6,130,TOKIYA,Stage 1,Grass,2.67,2.94,holofoil
sm115-7,Charmander,Pokémon,Common,Hidden Fates,2019,7,70,Megumi Mizutani,Basic,Fire,0.21,0.25,normal
base4-6,Clefairy,Pokémon,Rare Holo,Base Set 2,2000,6,40,Ken Sugimori,Basic,Colorless,16.88,16.1,holofoil
ex8-5,Claydol,Pokémon,Rare Holo,Deoxys,2005,5,80,Hajime Kusajima,Stage 1,Fighting,6.09,14.99,normal
bw10-7,Shelmet,Pokémon,Common,Plasma Blast,2013,7,60,Sumiyoshi Kizuki,Basic,Grass,0.37,0.29,normal
swsh4-3,Beedrill,Pokémon,Rare,Vivid Voltage,2020,3,130,KEIICHIRO ITO,Stage 2,Grass,0.14,0.2,normal
xy11-7,Yanmega,Pokémon,Rare,Steam Siege,2016,7,110,Midori Harada,Stage 1,Grass,0.2,0.25,normal
bw5-5,Carnivine,Pokémon,Rare,Dark Explorers,2012,5,90,Yukiko Baba,Basic,Grass,1.31,1.5,normal
sm5-6,Turtwig,Pokémon,Common,Ultra Prism,2018,6,70,Ken Sugimori,Basic,Grass,0.58,0.62,normal
det1-8,Magikarp,Pokémon,Common,Detective Pikachu,2019,8,30,Framestore,Basic,Water,0.46,0.5,holofoil
hgss1-8,Noctowl,Pokémon,Rare Holo,HeartGold & SoulSilver,2010,8,90,Suwama Chiaki,Stage 1,Colorless,12.62,12.3,holofoil
xy4-5,Sewaddle,Pokémon,Common,Phantom Forces,2014,5,50,kawayoo,Basic,Grass,0.23,0.25,normal
neo3-5,Delibird,Pokémon,Rare Holo,Neo Revelation,2001,5,60,Tomokazu Komiya,Basic,Colorless,,,
base1-5,Clefairy,Pokémon,Rare Holo,Base,1999,5,40,Ken Sugimori,Basic,Colorless,35.06,29.37,holofoil
pl3-6,Magmortar,Pokémon,Rare Holo,Supreme Victors,2009,6,110,Naoyo Kimura,Stage 1,Fire,5.14,5.1,holofoil
pop3-6,Vaporeon,Pokémon,Rare,POP Series 3,2006,6,70,Masakazu Fukuda,Stage 1,Water,24.11,27.73,normal
sm12-5,Tangela,Pokémon,Common,Cosmic Eclipse,2019,5,70,otumami,Basic,Grass,0.17,0.2,normal
hgss4-8,Rapidash,Pokémon,Rare Holo,HS—Triumphant,2010,8,90,Kyoko Umemoto,Stage 1,Fire,17.07,32.5,holofoil
ex4-6,Team Aqua's Walrein,Pokémon,Rare Holo,Team Magma vs Team Aqua,2004,6,120,Ken Ikuji,Stage 2,"Water, Darkness",8.89,11.54,holofoil
ecard3-H1,Alakazam,Pokémon,Rare Holo,Skyridge,2003,H1,100,Kimiya Masago,Stage 2,Psychic,,,
pl2-1,Arcanine,Pokémon,Rare Holo,Rising Rivals,2009,1,100,Masakazu Fukuda,Stage 1,Fire,59.21,59.24,holofoil
xy8-1,Paras,Pokémon,Common,BREAKthrough,2015,1,60,Hajime Kusajima,Basic,Grass,0.13,0.2,normal
xy6-1,Exeggcute,Pokémon,Common,Roaring Skies,2015,1,40,Tomokazu Komiya,Basic,Grass,0.26,0.25,normal
sm6-1,Exeggcute,Pokémon,Common,Forbidden Light,2018,1,40,Yuka Morii,Basic,Grass,0.35,0.37,normal
ex14-4,Charizard δ,Pokémon,Rare Holo,Crystal Guardians,2006,4,120,Kouki Saitou,Stage 2,"Lightning, Metal",539.0,819.99,holofoil
bw6-6,Wurmple,Pokémon,Common,Dragons Exalted,2012,6,60,Kouki Saitou,Basic,Grass,0.26,0.3,normal
pop1-7,Masquerain,Pokémon,Uncommon,POP Series 1,2004,7,70,Kagemaru Himeno,Stage 1,Grass,5.75,7.19,normal
pl1-9,Giratina,Pokémon,Rare Holo,Platinum,2009,9,100,Kouki Saitou,Basic,Psychic,34.97,199.99,holofoil
sm12-6,Tangrowth,Pokémon,Uncommon,Cosmic Eclipse,2019,6,140,nagimiso,Stage 1,Grass,0.13,0.2,normal
gym1-5,Erika's Vileplume,Pokémon,Rare Holo,Gym Heroes,2000,5,80,Ken Sugimori,Stage 2,Grass,,,
basep-6,Arcanine,Pokémon,Promo,Wizards Black Star Promos,1999,6,70,Ken Sugimori,Stage 1,Fire,26.5,25.63,normal
swsh35-7,Victini,Pokémon,Uncommon,Champion's Path,2020,7,70,Taira Akitsu,Basic,Fire,0.21,0.21,normal
xy11-8,Yanmega BREAK,Pokémon,Rare BREAK,Steam Siege,2016,8,140,5ban Graphics,BREAK,Grass,2.49,2.74,holofoil
ex12-9,Machamp,Pokémon,Rare Holo,Legend Maker,2006,9,120,Kouki Saitou,Stage 2,Fighting,22.34,260.6,holofoil
xy8-2,Parasect,Pokémon,Rare,BREAKthrough,2015,2,100,Sumiyoshi Kizuki,Stage 1,Grass,0.27,0.28,normal
dp4-6,Porygon-Z,Pokémon,Rare Holo,Great Encounters,2008,6,110,Kent Kanetsuna,Stage 2,Colorless,7.05,9.49,holofoil
sm75-5,Combusken,Pokémon,Uncommon,Dragon Majesty,2018,5,80,Ken Sugimori,Stage 1,Fire,0.29,0.32,normal
sm8-5,Chikorita,Pokémon,Common,Lost Thunder,2018,5,60,Aya Kusube,Basic,Grass,0.42,0.46,normal
sm6-2,Alolan Exeggutor,Pokémon,Rare,Forbidden Light,2018,2,160,Satoshi Shirai,Stage 1,Grass,0.59,0.59,normal
swsh1-6,Whimsicott,Pokémon,Rare,Sword & Shield,2020,6,100,kodama,Stage 1,Grass,0.25,0.25,normal
ex3-7,Minun,Pokémon,Rare Holo,Dragon,2003,7,50,Atsuko Nishida,Basic,Lightning,78.83,174.99,holofoil
bw11-7,Servine,Pokémon,Uncommon,Legendary Treasures,2013,7,80,Shigenori Negishi,Stage 1,Grass,1.0,0.94,normal
xy5-8,Sceptile,Pokémon,Rare,Primal Clash,2015,8,130,Hajime Kusajima,Stage 2,Grass,2.05,2.03,normal
xy1-6,Ledyba,Pokémon,Common,XY,2014,6,60,Mizue,Basic,Grass,0.21,0.25,normal
base1-6,Gyarados,Pokémon,Rare Holo,Base,1999,6,100,Mitsuhiro Arita,Stage 1,Water,41.96,33.49,holofoil
bw9-5,Exeggutor,Pokémon,Rare,Plasma Freeze,2013,5,100,match,Stage 1,Grass,1.81,29.75,normal
hgss1-9,Quagsire,Pokémon,Rare Holo,HeartGold & SoulSilver,2010,9,100,match,Stage 1,Water,18.28,25.99,holofoil
bw4-6,Pansage,Pokémon,Common,Next Destinies,2012,6,70,Megumi Mizutani,Basic,Grass,0.19,0.25,normal
bw8-5,Vespiquen,Pokémon,Rare,Plasma Storm,2013,5,100,Hajime Kusajima,Stage 1,Grass,0.64,0.69,normal
sm115-8,Charmeleon,Pokémon,Uncommon,Hidden Fates,2019,8,100,Shin Nagasawa,Stage 1,Fire,0.16,0.2,normal
sm9-7,Parasect,Pokémon,Rare,Team Up,2019,7,100,Satoshi Shirai,Stage 1,Grass,0.33,0.37,normal
ex7-7,Dark Marowak,Pokémon,Rare Holo,Team Rocket Returns,2004,7,70,Mitsuhiro Arita,Stage 1,"Fighting, Darkness",127.46,199.99,holofoil
ecard3-H2,Arcanine,Pokémon,Rare Holo,Skyridge,2003,H2,80,Aya Kusube,Stage 1,Fire,,,
sm3-6,Vileplume,Pokémon,Rare Holo,Burning Shadows,2017,6,140,chibi,Stage 2,Grass,0.78,0.66,holofoil
ex13-5,Deoxys δ,Pokémon,Rare Holo,Holon Phantoms,2006,5,70,Kouki Saitou,Basic,Colorless,164.5,144.99,holofoil
bw1-5,Serperior,Pokémon,Rare Holo,Black & White,2011,5,130,Kagemaru Himeno,Stage 2,Grass,2.19,2.19,holofoil
si1-8,Jigglypuff,Pokémon,,Southern Islands,2001,8,50,Keiko Fukuyama,Basic,Colorless,42.58,89.5,normal
pop9-6,Buizel,Pokémon,Uncommon,POP Series 9,2009,6,60,Midori Harada,Basic,Water,7.75,7.31,normal
dv1-9,Latias,Pokémon,Rare Holo,Dragon Vault,2012,9,100,Hideaki Hakozaki,Basic,Dragon,8.89,9.56,holofoil
swsh4-4,Exeggcute,Pokémon,Common,Vivid Voltage,2020,4,60,Hasuno,Basic,Grass,0.08,0.15,normal
xy2-8,Roselia,Pokémon,Common,Flashfire,2014,8,60,kirisAki,Basic,Grass,0.16,0.2,normal
bw10-8,Accelgor,Pokémon,Rare,Plasma Blast,2013,8,80,5ban Graphics,"Stage 1, Team Plasma",Grass,0.47,0.49,normal
sm2-6,Phantump,Pokémon,Common,Guardians Rising,2017,6,60,Sanosuke Sakuma,Basic,Grass,0.22,0.22,normal
ex9-8,Milotic,Pokémon,Rare Holo,Emerald,2005,8,90,Kagemaru Himeno,Stage 1,Water,22.65,20.0,normal
ex10-6,Forretress,Pokémon,Rare Holo,Unseen Forces,2005,6,70,Aya Kusube,Stage 1,Metal,13.64,14.99,holofoil
mcd19-9,Onix,Pokémon,,McDonald's Collection 2019,2019,9,100,Mitsuhiro Arita,Basic,Fighting,7.94,6.4,holofoil
ecard2-H9,Espeon,Pokémon,Rare Holo,Aquapolis,2003,H9,80,Kyoko Umemoto,Stage 1,Psychic,,,
ex4-7,Team Magma's Aggron,Pokémon,Rare Holo,Team Magma vs Team Aqua,2004,7,120,Hiromichi Sugiyama,Stage 2,"Fighting, Darkness",20.04,27.01,holofoil
xy7-7,Sceptile-EX,Pokémon,Rare Holo EX,Ancient Origins,2015,7,170,Eske Yoshinob,"Basic, EX",Grass,6.6,4.81,holofoil
pl2-2,Bastiodon GL,Pokémon,Rare Holo,Rising Rivals,2009,2,90,Hajime Kusajima,"Basic, SP",Metal,7.91,10.69,holofoil
base5-6,Dark Dugtrio,Pokémon,Rare Holo,Team Rocket,2000,6,50,Kagemaru Himeno,Stage 1,Fighting,,,
ex11-8,Latias δ,Pokémon,Rare Holo,Delta Species,2005,8,70,Ryo Ueda,Basic,"Lightning, Metal",110.54,527.5,holofoil
bw7-7,Scyther,Pokémon,Common,Boundaries Crossed,2012,7,70,kawayoo,Basic,Grass,1.28,0.89,normal
dp3-9,Gastrodon West Sea,Pokémon,Rare Holo,Secret Wonders,2007,9,100,Kazuyuki Kano,Stage 1,Fighting,9.79,9.93,holofoil
gym2-7,Giovanni's Nidoking,Pokémon,Rare Holo,Gym Challenge,2000,7,120,Ken Sugimori,Stage 2,Grass,,,
neo3-6,Entei,Pokémon,Rare Holo,Neo Revelation,2001,6,80,Ken Sugimori,Basic,Fire,,,
hgss4-9,Solrock,Pokémon,Rare Holo,HS—Triumphant,2010,9,70,Kouki Saitou,Basic,Fighting,2.51,3.99,holofoil
col1-6,Groudon,Pokémon,Rare Holo,Call of Legends,2011,6,100,Ryo Ueda,Basic,Fighting,17.63,150.0,holofoil
det1-9,Greninja,Pokémon,Rare Ultra,Detective Pikachu,2019,9,140,MPC Film,Stage 2,Water,6.38,5.99,holofoil
xy6-2,Exeggutor,Pokémon,Uncommon,Roaring Skies,2015,2,120,Shin Nagasawa,Stage 1,Grass,0.23,0.24,normal
pop4-6,Combusken,Pokémon,Uncommon,POP Series 4,2006,6,70,Mitsuhiro Arita,Stage 1,Fire,6.46,10.7,normal
ex8-6,Crawdaunt,Pokémon,Rare Holo,Deoxys,2005,6,70,Tomoko Wakai,Stage 1,Darkness,28.21,28.23,holofoil
pop6-7,Gible,Pokémon,Uncommon,POP Series 6,2007,7,50,Kouki Saitou,Basic,Colorless,21.05,49.99,normal
pl4-7,Probopass,Pokémon,Rare Holo,Arceus,2009,7,100,Kouki Saitou,Stage 1,Metal,1.54,1.49,holofoil
xy10-5,Snivy,Pokémon,Common,Fates Collide,2016,5,60,Atsuko Nishida,Basic,Grass,0.28,0.25,normal
dpp-DP07,Cranidos,Pokémon,Promo,DP Black Star Promos,2007,DP07,70,Mitsuhiro Arita,Stage 1,Fighting,9.88,9.95,holofoil
neo4-7,Dark Houndoom,Pokémon,Rare Holo,Neo Destiny,2002,7,60,Kagemaru Himeno,Stage 1,Fire,,,
sm5-7,Turtwig,Pokémon,Common,Ultra Prism,2018,7,80,OOYAMA,Basic,Grass,0.31,0.3,normal
base4-7,Gyarados,Pokémon,Rare Holo,Base Set 2,2000,7,100,Mitsuhiro Arita,Stage 1,Water,33.58,27.99,holofoil
sm1-5,Parasect,Pokémon,Rare,Sun & Moon,2017,5,110,Eri Yamaki,Stage 1,Grass,0.2,0.21,normal
pop5-4,Double Rainbow Energy,Energy,Rare,POP Series 5,2007,4,,Takumi Akabane,Special,,35.0,44.99,normal
ex2-1,Armaldo,Pokémon,Rare Holo,Sandstorm,2003,1,120,Mitsuhiro Arita,Stage 2,Fighting,17.94,28.99,holofoil
sm7-1,Bellsprout,Pokémon,Common,Celestial Storm,2018,1,60,Masako Yamashita,Basic,Grass,0.25,0.25,normal
ex6-1,Beedrill,Pokémon,Rare Holo,FireRed & LeafGreen,2004,1,90,Hajime Kusajima,Stage 2,Grass,8.18,9.59,normal
hgss3-1,Bellossom,Pokémon,Rare Holo,HS—Undaunted,2010,1,110,Mitsuhiro Arita,Stage 2,Grass,5.1,6.99,holofoil
dp2-1,Aggron,Pokémon,Rare Holo,Mysterious Treasures,2007,1,130,Kouki Saitou,Stage 2,Metal,10.9,9.65,holofoil
pop2-1,Entei,Pokémon,Rare,POP Series 2,2005,1,70,Kouki Saitou,Basic,Fire,30.77,44.7,normal
bw2-1,Pansage,Pokémon,Common,Emerging Powers,2011,1,70,Kouki Saitou,Basic,Grass,0.23,0.25,normal
bwp-BW01,Snivy,Pokémon,Promo,BW Black Star Promos,2011,BW01,60,Ken Sugimori,Basic,Grass,2.24,2.58,holofoil
sma-SV1,Scyther,Pokémon,Rare Shiny,Hidden Fates Shiny Vault,2019,SV1,70,Shigenori Negishi,Basic,Grass,9.05,11.76,holofoil
sm7-2,Weepinbell,Pokémon,Uncommon,Celestial Storm,2018,2,80,Miki Tanaka,Stage 1,Grass,0.27,0.29,normal
swsh35-8,Incineroar V,Pokémon,Rare Holo V,Champion's Path,2020,8,220,Kouki Saitou,"Basic, V",Fire,1.3,1.4,holofoil
ex4-8,Team Magma's Claydol,Pokémon,Rare Holo,Team Magma vs Team Aqua,2004,8,80,Zu-Ka,Stage 1,"Psychic, Darkness",19.25,60.0,holofoil
base6-7,Dark Raichu,Pokémon,Rare Holo,Legendary Collection,2002,7,70,Mitsuhiro Arita,Stage 1,Lightning,65.91,76.5,holofoil
mcd19-10,Alolan Meowth,Pokémon,,McDonald's Collection 2019,2019,10,60,Akira Komayama,Basic,Darkness,14.5,13.25,holofoil
hgss1-10,Raichu,Pokémon,Rare Holo,HeartGold & SoulSilver,2010,10,90,match,Stage 1,Lightning,20.77,28.32,holofoil
sma-SV2,Rowlet,Pokémon,Rare Shiny,Hidden Fates Shiny Vault,2019,SV2,60,sui,Basic,Grass,5.87,9.05,holofoil
base3-9,Kabutops,Pokémon,Rare Holo,Fossil,1999,9,60,Ken Sugimori,Stage 2,Fighting,,,
sm75-6,Blaziken,Pokémon,Rare Holo,Dragon Majesty,2018,6,150,Kouki Saitou,Stage 2,Fire,1.93,1.9,holofoil
ex6-2,Butterfree,Pokémon,Rare Holo,FireRed & LeafGreen,2004,2,100,Atsuko Nishida,Stage 2,Grass,42.03,50.95,holofoil
bw1-6,Serperior,Pokémon,Rare Holo,Black & White,2011,6,130,5ban Graphics,Stage 2,Grass,2.92,2.93,holofoil
si1-9,Butterfree,Pokémon,,Southern Islands,2001,9,80,Keiko Fukuyama,Stage 2,Grass,37.55,50.95,normal
pop2-2,Pidgeot,Pokémon,Rare,POP Series 2,2005,2,80,Ken Sugimori,Stage 2,Colorless,10.6,11.49,normal
bw2-2,Simisage,Pokémon,Rare,Emerging Powers,2011,2,90,match,Stage 1,Grass,0.61,0.59,normal
ex7-8,Dark Octillery,Pokémon,Rare Holo,Team Rocket Returns,2004,8,70,Mitsuhiro Arita,Stage 1,"Water, Darkness",19.99,22.09,normal
det1-10,Detective Pikachu,Pokémon,Rare,Detective Pikachu,2019,10,90,MPC Film,Basic,Lightning,8.29,9.55,holofoil
xy4-6,Swadloon,Pokémon,Uncommon,Phantom Forces,2014,6,70,Tomokazu Komiya,Stage 1,Grass,0.56,0.42,normal
base1-7,Hitmonchan,Pokémon,Rare Holo,Base,1999,7,70,Ken Sugimori,Basic,Fighting,27.13,16.99,holofoil
sm3-7,Tangela,Pokémon,Common,Burning Shadows,2017,7,80,Shibuzoh.,Basic,Grass,0.15,0.2,normal
pop6-8,Riolu,Pokémon,Uncommon,POP Series 6,2007,8,60,Kouki Saitou,Basic,Fighting,27.48,29.33,normal
hgss2-6,Octillery,Pokémon,Rare Holo,HS—Unleashed,2010,6,80,Ken Sugimori,Stage 1,Water,3.29,3.08,holofoil
xy8-3,Pinsir,Pokémon,Uncommon,BREAKthrough,2015,3,100,Satoshi Shirai,Basic,Grass,0.17,0.24,normal
base5-7,Dark Golbat,Pokémon,Rare Holo,Team Rocket,2000,7,50,Mitsuhiro Arita,Stage 1,Grass,,,
ex12-10,Mew,Pokémon,Rare Holo,Legend Maker,2006,10,70,Kouki Saitou,Basic,Psychic,184.25,639.73,holofoil
xy2-9,Roserade,Pokémon,Uncommon,Flashfire,2014,9,90,Masakazu Fukuda,Stage 1,Grass,0.29,0.26,normal
bw7-8,Heracross,Pokémon,Uncommon,Boundaries Crossed,2012,8,100,Naoki Saito,Basic,Grass,0.99,0.81,normal
sm8-6,Chikorita,Pokémon,Common,Lost Thunder,2018,6,70,sowsow,Basic,Grass,0.32,0.34,normal
gym1-6,Lt. Surge's Electabuzz,Pokémon,Rare Holo,Gym Heroes,2000,6,70,Ken Sugimori,Basic,Lightning,,,
dp2-2,Alakazam,Pokémon,Rare Holo,Mysterious Treasures,2007,2,100,Kouki Saitou,Stage 2,Psychic,43.71,45.9,holofoil
ex11-9,Latios δ,Pokémon,Rare Holo,Delta Species,2005,9,80,Ryo Ueda,Basic,"Lightning, Metal",106.66,248.9,holofoil
neo4-8,Dark Porygon2,Pokémon,Rare Holo,Neo Destiny,2002,8,60,"Shin-ichi Yoshikawa, CR CG gangs",Stage 1,Colorless,,,
sm115-9,Charizard-GX,Pokémon,Rare Holo GX,Hidden Fates,2019,9,250,aky CG Works,"Stage 2, GX",Fire,11.34,12.99,holofoil
ex2-2,Cacturne,Pokémon,Rare Holo,Sandstorm,2003,2,80,Atsuko Nishida,Stage 1,Grass,18.87,30.0,holofoil
sm9-8,Exeggcute,Pokémon,Common,Team Up,2019,8,50,Ken Sugimori,Basic,Grass,0.14,0.2,normal
sm12-7,Sunkern,Pokémon,Common,Cosmic Eclipse,2019,7,50,0313,Basic,Grass,0.19,0.22,normal
xy1-7,Ledian,Pokémon,Uncommon,XY,2014,7,80,Hitoshi Ariga,Stage 1,Grass,0.27,0.27,normal
ru1-7,Pikachu,Pokémon,,Pokémon Rumble,2009,7,60,Pokemon Rumble,Basic,Lightning,600.0,405.99,holofoil
pop4-7,Grovyle,Pokémon,Uncommon,POP Series 4,2006,7,70,Mitsuhiro Arita,Stage 1,Grass,24.4,199.95,normal
pop3-7,Combusken,Pokémon,Uncommon,POP Series 3,2006,7,70,Mitsuhiro Arita,Stage 1,Fire,12.77,39.99,normal
bw4-7,Simisage,Pokémon,Rare,Next Destinies,2012,7,90,kawayoo,Stage 1,Grass,0.54,0.53,normal
ex9-9,Rayquaza,Pokémon,Rare Holo,Emerald,2005,9,80,Kouki Saitou,Basic,Colorless,103.28,350.0,normal
pl2-3,Darkrai G,Pokémon,Rare Holo,Rising Rivals,2009,3,90,Makoto Imai,"Basic, SP",Darkness,53.68,78.96,holofoil
ex13-6,Deoxys δ,Pokémon,Rare Holo,Holon Phantoms,2006,6,60,Masakazu Fukuda,Basic,Lightning,63.07,89.25,holofoil
swsh4-5,Exeggutor,Pokémon,Rare,Vivid Voltage,2020,5,140,miki kudo,Stage 1,Grass,0.26,0.25,normal
ex10-7,Houndoom,Pokémon,Rare Holo,Unseen Forces,2005,7,70,Midori Harada,Stage 1,Fire,60.34,75.75,holofoil
sm1-6,Pinsir,Pokémon,Uncommon,Sun & Moon,2017,6,110,DemizuPosuka,Basic,Grass,0.12,0.19,normal
base4-8,Hitmonchan,Pokémon,Rare Holo,Base Set 2,2000,8,70,Ken Sugimori,Basic,Fighting,21.07,20.5,holofoil
swsh1-7,Maractus,Pokémon,Common,Sword & Shield,2020,7,110,Atsuko Nishida,Basic,Grass,0.14,0.15,normal
pop1-8,Murkrow,Pokémon,Uncommon,POP Series 1,2004,8,60,Ken Sugimori,Basic,Darkness,20.69,20.69,normal
bw6-7,Silcoon,Pokémon,Uncommon,Dragons Exalted,2012,7,80,Naoki Saito,Stage 1,Grass,0.38,0.4,normal
pop7-8,Kirlia,Pokémon,Uncommon,POP Series 7,2008,8,80,Masakazu Fukuda,Stage 1,Psychic,7.29,7.19,normal
dp3-10,Ho-Oh,Pokémon,Rare Holo,Secret Wonders,2007,10,90,Kazuyuki Kano,Basic,Fire,44.71,110.0,holofoil
pl4-8,Salamence,Pokémon,Rare Holo,Arceus,2009,8,140,Shin Nagasawa,Stage 2,Colorless,7.67,8.99,holofoil
ex8-7,Dusclops,Pokémon,Rare Holo,Deoxys,2005,7,70,Tomoko Wakai,Stage 1,Psychic,18.0,25.0,normal
gym2-8,Giovanni's Persian,Pokémon,Rare Holo,Gym Challenge,2000,8,60,Ken Sugimori,Stage 1,Colorless,,,
dv1-10,Latios,Pokémon,Rare Holo,Dragon Vault,2012,10,100,Ryo Ueda,Basic,Dragon,6.61,6.93,holofoil
pl1-10,Giratina,Pokémon,Rare Holo,Platinum,2009,10,100,Hajime Kusajima,Basic,Psychic,59.63,59.64,holofoil
ex5-1,Banette,Pokémon,Rare Holo,Hidden Legends,2004,1,70,Midori Harada,Stage 1,Psychic,30.58,45.0,holofoil
ecard3-H3,Articuno,Pokémon,Rare Holo,Skyridge,2003,H3,80,Hajime Kusajima,Basic,Water,,,
ecard2-H10,Exeggutor,Pokémon,Rare Holo,Aquapolis,2003,H10,80,Yukiko Baba,Stage 1,Grass,162.49,299.99,holofoil
col1-7,Gyarados,Pokémon,Rare Holo,Call of Legends,2011,7,130,Mitsuhiro Arita,Stage 1,Water,48.54,82.0,holofoil
xy7-8,M Sceptile-EX,Pokémon,Rare Holo EX,Ancient Origins,2015,8,220,5ban Graphics,"MEGA, EX",Grass,19.71,20.0,holofoil
xy11-9,Seedot,Pokémon,Common,Steam Siege,2016,9,50,sui,Basic,Grass,0.11,0.18,normal
ex14-5,Dugtrio,Pokémon,Rare Holo,Crystal Guardians,2006,5,70,Tomokazu Komiya,Stage 1,Fighting,12.29,28.68,holofoil
xy6-3,Wurmple,Pokémon,Common,Roaring Skies,2015,3,60,Naoyo Kimura,Basic,Grass,0.14,0.2,normal
bw11-8,Serperior,Pokémon,Rare Holo,Legendary Treasures,2013,8,130,hatachu,Stage 2,Grass,2.03,1.98,holofoil
sm5-8,Grotle,Pokémon,Uncommon,Ultra Prism,2018,8,110,Shigenori Negishi,Stage 1,Grass,0.26,0.25,normal
hgss3-2,Espeon,Pokémon,Rare Holo,HS—Undaunted,2010,2,90,match,Stage 1,Psychic,45.54,49.99,holofoil
sm2-7,Trevenant,Pokémon,Rare,Guardians Rising,2017,7,120,Hiroyuki Yamamoto,Stage 1,Grass,0.27,0.27,normal
swsh3-1,Butterfree V,Pokémon,Rare Holo V,Darkness Ablaze,2020,1,190,Saki Hayashiro,"Basic, V",Grass,1.53,1.6,holofoil
smp-SM01,Rowlet,Pokémon,Promo,SM Black Star Promos,2017,SM01,50,Mitsuhiro Arita,Basic,Grass,1.19,1.16,holofoil
xy0-1,Weedle,Pokémon,,Kalos Starter Set,2013,1,40,Akira Komayama,Basic,Grass,1.28,0.75,normal
sm11-1,Rowlet & Alolan Exeggutor-GX,Pokémon,Rare Holo GX,Unified Minds,2019,1,270,Mitsuhiro Arita,"Basic, TAG TEAM, GX",Grass,15.92,18.28,holofoil
swsh2-1,Caterpie,Pokémon,Common,Rebel Clash,2020,1,50,Uta,Basic,Grass,0.09,0.19,normal
xy12-1,Venusaur-EX,Pokémon,Rare Holo EX,Evolutions,2016,1,180,Eske Yoshinob,"Basic, EX",Grass,4.58,4.75,holofoil
pop9-7,Croagunk,Pokémon,Uncommon,POP Series 9,2009,7,60,Midori Harada,Basic,Psychic,3.86,4.32,normal
xy10-6,Servine,Pokémon,Uncommon,Fates Collide,2016,6,70,Sumiyoshi Kizuki,Stage 1,Grass,0.26,0.28,normal
bw10-9,Virizion-EX,Pokémon,Rare Holo EX,Plasma Blast,2013,9,170,Ryo Ueda,"Basic, EX",Grass,8.01,8.01,holofoil
bw9-6,Treecko,Pokémon,Common,Plasma Freeze,2013,6,60,Naoki Saito,Basic,Grass,0.6,0.5,normal
xy2-10,Maractus,Pokémon,Uncommon,Flashfire,2014,10,90,match,Basic,Grass,0.29,0.25,normal
pl1-11,Manectric,Pokémon,Rare Holo,Platinum,2009,11,90,Kouki Saitou,Stage 1,Lightning,3.84,4.64,holofoil
pl2-4,Floatzel GL,Pokémon,Rare Holo,Rising Rivals,2009,4,80,Midori Harada,"Basic, SP",Water,5.61,7.92,holofoil
sm8-7,Bayleef,Pokémon,Uncommon,Lost Thunder,2018,7,100,Kagemaru Himeno,Stage 1,Grass,0.83,0.83,normal
base3-10,Lapras,Pokémon,Rare Holo,Fossil,1999,10,80,Ken Sugimori,Basic,Water,,,
ex8-8,Gyarados,Pokémon,Rare Holo,Deoxys,2005,8,90,Hisao Nakamura,Stage 1,Water,77.5,225.0,holofoil
pop2-3,Raikou,Pokémon,Rare,POP Series 2,2005,3,70,Kouki Saitou,Basic,Lightning,22.74,25.41,normal
sm11-2,Yanma,Pokémon,Common,Unified Minds,2019,2,70,Eri Yamaki,Basic,Grass,0.11,0.2,normal
xy4-7,Leavanny,Pokémon,Rare,Phantom Forces,2014,7,130,Atsuko Nishida,Stage 2,Grass,0.42,0.43,normal
ex11-10,Marowak δ,Pokémon,Rare Holo,Delta Species,2005,10,80,Hajime Kusajima,Stage 1,"Fighting, Metal",27.86,40.99,holofoil
ecard3-H4,Beedrill,Pokémon,Rare Holo,Skyridge,2003,H4,80,Hikaru Koike,Stage 2,Grass,,,
sm5-9,Torterra,Pokémon,Rare Holo,Ultra Prism,2018,9,180,kawayoo,Stage 2,Grass,1.49,1.6,holofoil
ex4-9,Team Magma's Groudon,Pokémon,Rare Holo,Team Magma vs Team Aqua,2004,9,100,Kazuo Yazawa,Basic,"Fighting, Darkness",133.25,869.9,holofoil
sm75-7,Victini ◇,Pokémon,Rare Prism Star,Dragon Majesty,2018,7,90,Shin Nagasawa,"Basic, Prism Star",Fire,10.57,7.98,holofoil
gym1-7,Lt. Surge's Fearow,Pokémon,Rare Holo,Gym Heroes,2000,7,70,Ken Sugimori,Stage 1,Colorless,,,
sm7-3,Victreebel,Pokémon,Rare Holo,Celestial Storm,2018,3,140,Miki Tanaka,Stage 2,Grass,0.98,0.99,holofoil
ex6-3,Dewgong,Pokémon,Rare Holo,FireRed & LeafGreen,2004,3,80,Toshinao Aoki,Stage 1,Water,19.44,48.51,normal
xy1-8,Volbeat,Pokémon,Uncommon,XY,2014,8,70,Kanako Eo,Basic,Grass,0.29,0.29,normal
bw4-8,Foongus,Pokémon,Common,Next Destinies,2012,8,40,Masakazu Fukuda,Basic,Grass,0.23,0.25,normal
ex2-3,Cradily,Pokémon,Rare Holo,Sandstorm,2003,3,100,Midori Harada,Stage 2,Grass,8.58,16.73,holofoil
bw6-8,Beautifly,Pokémon,Rare,Dragons Exalted,2012,8,120,Akira Komayama,Stage 2,Grass,1.01,1.04,normal
hgss2-7,Politoed,Pokémon,Rare Holo,HS—Unleashed,2010,7,120,Naoyo Kimura,Stage 2,Water,24.55,35.89,holofoil
neo3-7,Ho-oh,Pokémon,Rare Holo,Neo Revelation,2001,7,90,Kimiya Masago,Basic,Fire,,,
ex7-9,Dark Slowking,Pokémon,Rare Holo,Team Rocket Returns,2004,9,80,Kouki Saitou,Stage 1,"Psychic, Darkness",34.0,38.67,normal
pop9-8,Gabite,Pokémon,Uncommon,POP Series 9,2009,8,80,Kagemaru Himeno,Stage 1,Colorless,2.91,3.04,normal
swsh3-2,Butterfree VMAX,Pokémon,Rare Holo VMAX,Darkness Ablaze,2020,2,300,aky CG Works,VMAX,Grass,4.41,4.56,holofoil
col1-8,Hitmontop,Pokémon,Rare Holo,Call of Legends,2011,8,60,Shigenori Negishi,Basic,Fighting,3.16,2.97,holofoil
ex5-2,Claydol,Pokémon,Rare Holo,Hidden Legends,2004,2,80,Kyoko Umemoto,Stage 1,Psychic,13.62,13.61,holofoil
gym2-9,Koga's Beedrill,Pokémon,Rare Holo,Gym Challenge,2000,9,80,Ken Sugimori,Stage 2,Grass,,,
xy7-9,Combee,Pokémon,Common,Ancient Origins,2015,9,40,Sumiyoshi Kizuki,Basic,Grass,0.17,0.2,normal
neo4-9,Dark Scizor,Pokémon,Rare Holo,Neo Destiny,2002,9,70,Mitsuhiro Arita,Stage 1,Metal,,,
ecard2-H11,Houndoom,Pokémon,Rare Holo,Aquapolis,2003,H11,70,Hajime Kusajima,Stage 1,Darkness,25.0,1286.0,holofoil
bw9-7,Grovyle,Pokémon,Uncommon,Plasma Freeze,2013,7,80,Suwama Chiaki,Stage 1,Grass,0.52,0.5,normal
sm12-8,Sunflora,Pokémon,Rare,Cosmic Eclipse,2019,8,90,Yumi,Stage 1,Grass,0.33,0.35,normal
bw2-3,Sewaddle,Pokémon,Common,Emerging Powers,2011,3,40,Kagemaru Himeno,Basic,Grass,0.33,0.3,normal
dpp-DP08,Shieldon,Pokémon,Promo,DP Black Star Promos,2007,DP08,80,Kouki Saitou,Stage 1,Metal,5.97,9.06,holofoil
base5-8,Dark Gyarados,Pokémon,Rare Holo,Team Rocket,2000,8,70,Kagemaru Himeno,Stage 1,Water,,,
ru1-8,Zapdos,Pokémon,,Pokémon Rumble,2009,8,100,Pokemon Rumble,Basic,Lightning,105.56,299.98,normal
pop7-9,Stantler,Pokémon,Uncommon,POP Series 7,2008,9,70,Kouki Saitou,Basic,Colorless,9.2,15.95,normal
swsh1-8,Durant,Pokémon,Rare,Sword & Shield,2020,8,110,Miki Tanaka,Basic,Grass,0.22,0.22,normal
dp3-11,Jumpluff,Pokémon,Rare Holo,Secret Wonders,2007,11,90,Kagemaru Himeno,Stage 2,Grass,9.45,4.5,holofoil
swsh2-2,Metapod,Pokémon,Uncommon,Rebel Clash,2020,2,80,Asako Ito,Stage 1,Grass,0.33,0.36,normal
xy5-9,Sceptile,Pokémon,Rare Holo,Primal Clash,2015,9,140,hatachu,Stage 2,Grass,10.71,9.28,holofoil
bwp-BW02,Tepig,Pokémon,Promo,BW Black Star Promos,2011,BW02,70,Ken Sugimori,Basic,Fire,2.36,2.53,holofoil
xy11-10,Nuzleaf,Pokémon,Uncommon,Steam Siege,2016,10,70,Ayaka Yoshida,Stage 1,Grass,0.1,0.19,normal
ex12-11,Muk,Pokémon,Rare Holo,Legend Maker,2006,11,70,Midori Harada,Stage 1,Grass,16.44,22.6,holofoil
xy8-4,Cacnea,Pokémon,Common,BREAKthrough,2015,4,60,Yuka Morii,Basic,Grass,0.39,0.4,normal
basep-7,Jigglypuff,Pokémon,Promo,Wizards Black Star Promos,1999,7,50,Keiji Kinebuchi,Basic,Colorless,33.3,36.77,normal
hgss4-10,Spiritomb,Pokémon,Rare Holo,HS—Triumphant,2010,10,60,Shizurow,Basic,Psychic,4.63,5.65,holofoil
det1-11,Mr. Mime,Pokémon,Rare,Detective Pikachu,2019,11,80,MPC Film,Basic,Psychic,2.04,1.86,holofoil
swsh4-6,Yanma,Pokémon,Common,Vivid Voltage,2020,6,80,MAHOU,Basic,Grass,0.08,0.15,normal
swsh35-9,Sizzlipede,Pokémon,Common,Champion's Path,2020,9,70,Akira Komayama,Basic,Fire,0.12,0.15,normal
xy6-4,Silcoon,Pokémon,Uncommon,Roaring Skies,2015,4,80,Shigenori Negishi,Stage 1,Grass,0.19,0.24,normal
pop1-9,Pupitar,Pokémon,Uncommon,POP Series 1,2004,9,70,Hisao Nakamura,Stage 1,Fighting,11.19,14.98,normal
bw10-10,Genesect,Pokémon,Rare,Plasma Blast,2013,10,100,Masakazu Fukuda,Basic,Grass,0.65,0.54,normal
si1-10,Tentacruel,Pokémon,,Southern Islands,2001,10,60,Naoyo Kimura,Stage 1,Water,40.54,74.5,normal
pl3-7,Metagross,Pokémon,Rare Holo,Supreme Victors,2009,7,130,Kagemaru Himeno,Stage 2,Metal,9.3,14.48,holofoil
mcd19-11,Alolan Dugtrio,Pokémon,,McDonald's Collection 2019,2019,11,60,Megumi Mizutani,Stage 1,Metal,8.19,8.58,holofoil
sm1-7,Surskit,Pokémon,Common,Sun & Moon,2017,7,50,Kyoko Umemoto,Basic,Grass,0.12,0.15,normal
pl4-9,Swalot,Pokémon,Rare Holo,Arceus,2009,9,100,Aya Kusube,Stage 1,Psychic,3.18,3.31,holofoil
ex10-8,Jolteon,Pokémon,Rare Holo,Unseen Forces,2005,8,70,Mitsuhiro Arita,Stage 1,Lightning,54.88,414.9,holofoil
sm3-8,Tangrowth,Pokémon,Rare,Burning Shadows,2017,8,140,tetsuya koizumi,Stage 1,Grass,0.19,0.25,normal
sm2-8,Wimpod,Pokémon,Common,Guardians Rising,2017,8,70,match,Basic,Grass,0.22,0.2,normal
xy12-2,M Venusaur-EX,Pokémon,Rare Holo EX,Evolutions,2016,2,230,5ban Graphics,"MEGA, EX",Grass,12.2,13.0,holofoil
sm9-9,Pinsir,Pokémon,Rare,Team Up,2019,9,120,Eri Yamaki,Basic,Grass,0.34,0.35,normal
xy10-7,Serperior,Pokémon,Rare,Fates Collide,2016,7,140,You Iribi,Stage 2,Grass,0.58,0.54,normal
ex9-10,Sceptile,Pokémon,Rare Holo,Emerald,2005,10,100,Mitsuhiro Arita,Stage 2,Grass,35.69,24.99,holofoil
dp1-7,Luxray,Pokémon,Rare Holo,Diamond & Pearl,2007,7,120,Mikiko Takeda,Stage 2,Lightning,22.85,32.4,holofoil
base1-8,Machamp,Pokémon,Rare Holo,Base,1999,8,100,Ken Sugimori,Stage 2,Fighting,,,
hgss3-3,Forretress,Pokémon,Rare Holo,HS—Undaunted,2010,3,90,Kyoko Umemoto,Stage 1,Metal,3.37,4.94,holofoil
hgss1-11,Shuckle,Pokémon,Rare Holo,HeartGold & SoulSilver,2010,11,60,Sumiyoshi Kizuki,Basic,Grass,18.84,29.99,holofoil
ex13-7,Flygon δ,Pokémon,Rare Holo,Holon Phantoms,2006,7,110,Kagemaru Himeno,Stage 2,"Grass, Metal",37.69,84.99,holofoil
sm115-10,Magmar,Pokémon,Uncommon,Hidden Fates,2019,10,90,Satoshi Shirai,Basic,Fire,0.06,0.19,normal
bw11-9,Sewaddle,Pokémon,Common,Legendary Treasures,2013,9,50,Yuka Morii,Basic,Grass,0.74,0.61,normal
xy0-2,Pansage,Pokémon,,Kalos Starter Set,2013,2,70,Masakazu Fukuda,Basic,Grass,0.54,0.5,normal
ecard1-1,Alakazam,Pokémon,Rare Holo,Expedition Base Set,2002,1,100,Hajime Kusajima,Stage 2,Psychic,228.82,265.0,holofoil
neo1-1,Ampharos,Pokémon,Rare Holo,Neo Genesis,2000,1,80,Ken Sugimori,Stage 2,Lightning,,,
neo2-1,Espeon,Pokémon,Rare Holo,Neo Discovery,2001,1,80,Atsuko Nishida,Stage 1,Psychic,,,
base2-1,Clefable,Pokémon,Rare Holo,Jungle,1999,1,70,Mitsuhiro Arita,Stage 1,Colorless,,,
sm10-1,Pheromosa & Buzzwole-GX,Pokémon,Rare Holo GX,Unbroken Bonds,2019,1,260,Mitsuhiro Arita,"Basic, TAG TEAM, GX, Ultra Beast",Grass,10.79,11.0,holofoil
xyp-XY01,Chespin,Pokémon,Promo,XY Black Star Promos,2013,XY01,60,5ban Graphics,Basic,Grass,3.97,3.94,holofoil
ex1-1,Aggron,Pokémon,Rare Holo,Ruby & Sapphire,2003,1,110,Mitsuhiro Arita,Stage 2,Metal,22.63,38.47,holofoil
bw5-6,Leafeon,Pokémon,Rare,Dark Explorers,2012,6,90,Ryo Ueda,Stage 1,Grass,9.43,10.99,normal
sm35-1,Bulbasaur,Pokémon,Common,Shining Legends,2017,1,70,Mizue,Basic,Grass,0.5,0.5,normal
pop8-1,Heatran,Pokémon,Rare,POP Series 8,2008,1,100,Ken Sugimori,Basic,Fire,1.81,1.3,normal
pl1-12,Palkia G,Pokémon,Rare Holo,Platinum,2009,12,100,Yusuke Ishikawa,"Basic, SP",Water,13.34,17.99,holofoil
ex6-4,Ditto,Pokémon,Rare Holo,FireRed & LeafGreen,2004,4,60,Miki Tanaka,Basic,Colorless,111.98,114.99,normal
bw4-9,Amoonguss,Pokémon,Rare,Next Destinies,2012,9,90,Kouki Saitou,Stage 1,Grass,0.47,0.49,normal
base1-9,Magneton,Pokémon,Rare Holo,Base,1999,9,60,Keiji Kinebuchi,Stage 1,Lightning,34.88,29.45,holofoil
basep-8,Mew,Pokémon,Promo,Wizards Black Star Promos,1999,8,50,Ken Sugimori,Basic,Psychic,9.4,9.08,normal
pl4-10,Tangrowth,Pokémon,Rare Holo,Arceus,2009,10,110,Masakazu Fukuda,Stage 1,Grass,4.31,4.07,holofoil
bw1-7,Pansage,Pokémon,Common,Black & White,2011,7,60,sui,Basic,Grass,0.22,0.24,normal
neo2-2,Forretress,Pokémon,Rare Holo,Neo Discovery,2001,2,80,CR CG gangs,Stage 1,Metal,,,
xyp-XY02,Fennekin,Pokémon,Promo,XY Black Star Promos,2013,XY02,60,5ban Graphics,Basic,Fire,5.01,3.99,holofoil
bwp-BW03,Oshawott,Pokémon,Promo,BW Black Star Promos,2011,BW03,60,Ken Sugimori,Basic,Water,4.15,3.81,holofoil
ex9-11,Swampert,Pokémon,Rare Holo,Emerald,2005,11,110,Atsuko Nishida,Stage 2,Water,73.23,84.91,holofoil
bw2-4,Sewaddle,Pokémon,Common,Emerging Powers,2011,4,50,Naoki Saito,Basic,Grass,0.41,0.37,normal
xy1-9,Illumise,Pokémon,Uncommon,XY,2014,9,70,Kanako Eo,Basic,Grass,0.27,0.26,normal
bw7-9,Celebi-EX,Pokémon,Rare Holo EX,Boundaries Crossed,2012,9,110,Toyste Beach,"Basic, EX",Grass,29.92,29.95,holofoil
mcd19-12,Eevee,Pokémon,,McDonald's Collection 2019,2019,12,60,Atsuko Nishida,Basic,Colorless,18.06,16.58,holofoil
pop2-4,Suicune,Pokémon,Rare,POP Series 2,2005,4,70,Kouki Saitou,Basic,Water,19.74,111.2,normal
pl3-8,Rayquaza C,Pokémon,Rare Holo,Supreme Victors,2009,8,100,kawayoo,"Basic, SP",Colorless,66.37,74.28,holofoil
ex8-9,Jirachi,Pokémon,Rare Holo,Deoxys,2005,9,60,Sumiyoshi Kizuki,Basic,Metal,80.0,225.0,holofoil
smp-SM02,Litten,Pokémon,Promo,SM Black Star Promos,2017,SM02,60,Megumi Mizutani,Basic,Fire,1.37,1.99,holofoil
sm6-2a,Alolan Exeggutor,Pokémon,Rare,Forbidden Light,2018,2a,160,kawayoo,Stage 1,Grass,,,
dp1-8,Magnezone,Pokémon,Rare Holo,Diamond & Pearl,2007,8,120,Nakaoka,Stage 2,Metal,9.08,8.67,holofoil
sm75-8,Darumaka,Pokémon,Common,Dragon Majesty,2018,8,70,Mitsuhiro Arita,Basic,Fire,0.2,0.25,normal
hgss3-4,Gliscor,Pokémon,Rare Holo,HS—Undaunted,2010,4,90,Naoki Saito,Stage 1,Fighting,7.04,5.8,holofoil
xy5-10,Lotad,Pokémon,Common,Primal Clash,2015,10,60,Kanako Eo,Basic,Grass,0.22,0.24,normal
sm115-11,Psyduck,Pokémon,Common,Hidden Fates,2019,11,60,nagimiso,Basic,Water,0.27,0.27,normal
neo4-10,Dark Typhlosion,Pokémon,Rare Holo,Neo Destiny,2002,10,80,Mitsuhiro Arita,Stage 2,Fire,,,
swsh35-10,Centiskorch,Pokémon,Rare Holo,Champion's Path,2020,10,130,Shin Nagasawa,Stage 1,Fire,0.2,0.25,holofoil
sm9-10,Shaymin ◇,Pokémon,Rare Prism Star,Team Up,2019,10,80,kawayoo,"Basic, Prism Star",Grass,5.18,5.0,holofoil
pop7-10,Wormadam Sandy Cloak,Pokémon,Uncommon,POP Series 7,2008,10,80,Kagemaru Himeno,Stage 1,Fighting,6.33,7.69,normal
xy11-11,Shiftry,Pokémon,Rare Holo,Steam Siege,2016,11,140,Kagemaru Himeno,Stage 2,"Grass, Darkness",0.49,0.53,holofoil
xy8-5,Pansage,Pokémon,Common,BREAKthrough,2015,5,60,Hajime Kusajima,Basic,Grass,0.14,0.19,normal
gym2-10,Koga's Ditto,Pokémon,Rare Holo,Gym Challenge,2000,10,40,Ken Sugimori,Basic,Colorless,,,
si1-11,Marill,Pokémon,,Southern Islands,2001,11,40,Naoyo Kimura,Basic,Water,114.25,110.0,reverseHolofoil
xy7-10,Vespiquen,Pokémon,Uncommon,Ancient Origins,2015,10,90,kawayoo,Stage 1,Grass,0.21,0.22,normal
xy10-8,Deerling,Pokémon,Common,Fates Collide,2016,8,60,Kanako Eo,Basic,Grass,0.25,0.25,normal
col1-9,Ho-Oh,Pokémon,Rare Holo,Call of Legends,2011,9,100,Ryo Ueda,Basic,Fire,29.4,34.99,holofoil
ex5-3,Crobat,Pokémon,Rare Holo,Hidden Legends,2004,3,90,Midori Harada,Stage 2,Grass,17.7,49.99,holofoil
ex4-10,Team Magma's Houndoom,Pokémon,Rare Holo,Team Magma vs Team Aqua,2004,10,70,Ken Ikuji,Stage 1,"Fire, Darkness",153.56,199.99,holofoil
sm1-8,Masquerain,Pokémon,Rare,Sun & Moon,2017,8,90,miki kudo,Stage 1,Grass,0.19,0.2,normal
bw6-9,Cascoon,Pokémon,Uncommon,Dragons Exalted,2012,9,80,match,Stage 1,Grass,0.45,0.4,normal
bw5-7,Dwebble,Pokémon,Common,Dark Explorers,2012,7,60,Akira Komayama,Basic,Grass,0.33,0.29,normal
sm11-3,Yanmega,Pokémon,Uncommon,Unified Minds,2019,3,120,Hitoshi Ariga,Stage 1,Grass,0.12,0.22,normal
xy4-8,Karrablast,Pokémon,Common,Phantom Forces,2014,8,50,Sanosuke Sakuma,Basic,Grass,0.13,0.2,normal
ex13-8,Gyarados δ,Pokémon,Rare Holo,Holon Phantoms,2006,8,90,Hajime Kusajima,Stage 1,"Lightning, Metal",243.24,295.0,holofoil
pop5-5,Charmeleon δ,Pokémon,Uncommon,POP Series 5,2007,5,70,Mitsuhiro Arita,Stage 1,Lightning,76.83,73.16,normal
ex11-11,Metagross δ,Pokémon,Rare Holo,Delta Species,2005,11,100,Masakazu Fukuda,Stage 2,"Lightning, Metal",56.33,50.0,holofoil
dv1-11,Rayquaza,Pokémon,Rare Holo,Dragon Vault,2012,11,120,5ban Graphics,Basic,Dragon,33.74,45.0,holofoil
bw8-6,Cherubi,Pokémon,Common,Plasma Storm,2013,6,40,sui,Basic,Grass,0.28,0.28,normal
gym1-8,Lt. Surge's Magneton,Pokémon,Rare Holo,Gym Heroes,2000,8,70,Ken Sugimori,Stage 1,Lightning,,,
xy2-11,Charizard-EX,Pokémon,Rare Holo EX,Flashfire,2014,11,180,Eske Yoshinob,"Basic, EX",Fire,14.37,14.61,holofoil
neo3-8,Houndoom,Pokémon,Rare Holo,Neo Revelation,2001,8,70,Mitsuhiro Arita,Stage 1,Darkness,,,
swsh2-3,Butterfree,Pokémon,Rare,Rebel Clash,2020,3,140,Taira Akitsu,Stage 2,Grass,0.29,0.29,normal
ex3-8,Plusle,Pokémon,Rare Holo,Dragon,2003,8,50,Atsuko Nishida,Basic,Lightning,89.16,84.57,holofoil
ex14-6,Ludicolo δ,Pokémon,Rare Holo,Crystal Guardians,2006,6,100,Masakazu Fukuda,Stage 2,Fire,27.17,30.0,holofoil
dpp-DP09,Torterra LV.X,Pokémon,Promo,DP Black Star Promos,2007,DP09,160,Shizurow,Level-Up,Grass,38.27,73.47,holofoil
ru1-9,Mewtwo,Pokémon,,Pokémon Rumble,2009,9,100,Pokemon Rumble,Basic,Psychic,450.0,244.19,holofoil
ex1-2,Beautifly,Pokémon,Rare Holo,Ruby & Sapphire,2003,2,80,Hajime Kusajima,Stage 2,Grass,18.42,30.21,holofoil
sm35-2,Ivysaur,Pokémon,Common,Shining Legends,2017,2,100,Kouki Saitou,Stage 1,Grass,0.34,0.35,normal
base4-9,Magneton,Pokémon,Rare Holo,Base Set 2,2000,9,60,Keiji Kinebuchi,Stage 1,Lightning,17.14,17.9,holofoil
swsh1-9,Dhelmise V,Pokémon,Rare Holo V,Sword & Shield,2020,9,220,Eske Yoshinob,"Basic, V",Grass,0.66,0.99,holofoil
bw11-10,Sewaddle,Pokémon,Common,Legendary Treasures,2013,10,50,Mitsuhiro Arita,Basic,Grass,0.24,0.25,normal
pop8-2,Lucario,Pokémon,Rare,POP Series 8,2008,2,90,Kent Kanetsuna,Stage 1,Fighting,23.57,38.58,normal
pop4-8,Heal Energy,Energy,Uncommon,POP Series 4,2006,8,,Takumi Akabane,Special,,6.02,11.9,normal
base6-8,Dark Slowbro,Pokémon,Rare Holo,Legendary Collection,2002,8,60,Mitsuhiro Arita,Stage 1,Psychic,38.99,49.99,holofoil
dp4-7,Rotom,Pokémon,Rare Holo,Great Encounters,2008,7,70,Daisuke Ito,Basic,Lightning,14.28,36.23,holofoil
pop9-9,Lopunny,Pokémon,Uncommon,POP Series 9,2009,9,80,Midori Harada,Stage 1,Colorless,1.15,1.0,normal
pop3-8,Donphan,Pokémon,Uncommon,POP Series 3,2006,8,80,Tomoaki Imakuni,Stage 1,Fighting,18.66,23.55,normal
xy6-5,Beautifly,Pokémon,Rare Holo,Roaring Skies,2015,5,130,Midori Harada,Stage 2,Grass,0.86,0.8,holofoil
base2-2,Electrode,Pokémon,Rare Holo,Jungle,1999,2,90,Mitsuhiro Arita,Stage 1,Lightning,,,
bw10-11,Genesect-EX,Pokémon,Rare Holo EX,Plasma Blast,2013,11,170,Eske Yoshinob,"Basic, EX, Team Plasma",Grass,19.14,19.84,holofoil
ecard2-H12,Hypno,Pokémon,Rare Holo,Aquapolis,2003,H12,80,Mitsuhiro Arita,Stage 1,Psychic,106.68,2614.88,holofoil
ecard1-2,Ampharos,Pokémon,Rare Holo,Expedition Base Set,2002,2,100,Atsuko Nishida,Stage 2,Lightning,172.09,158.88,holofoil
bw9-8,Sceptile,Pokémon,Rare Holo,Plasma Freeze,2013,8,130,kawayoo,Stage 2,Grass,5.96,5.46,holofoil
neo1-2,Azumarill,Pokémon,Rare Holo,Neo Genesis,2000,2,70,Ken Sugimori,Stage 1,Water,,,
swsh3-3,Paras,Pokémon,Common,Darkness Ablaze,2020,3,60,Atsuko Nishida,Basic,Grass,0.09,0.15,normal
dp2-3,Ambipom,Pokémon,Rare Holo,Mysterious Treasures,2007,3,80,Kouki Saitou,Stage 1,Colorless,3.7,3.92,holofoil
ex2-4,Dusclops,Pokémon,Rare Holo,Sandstorm,2003,4,70,Midori Harada,Stage 1,Psychic,25.19,44.99,holofoil
pl2-5,Flygon,Pokémon,Rare Holo,Rising Rivals,2009,5,120,Kouki Saitou,Stage 2,Colorless,18.17,19.18,holofoil
xy9-1,Chikorita,Pokémon,Common,BREAKpoint,2016,1,60,Akira Komayama,Basic,Grass,0.17,0.25,normal
sma-SV3,Dartrix,Pokémon,Rare Shiny,Hidden Fates Shiny Vault,2019,SV3,80,Shigenori Negishi,Stage 1,Grass,2.12,2.16,holofoil
base5-9,Dark Hypno,Pokémon,Rare Holo,Team Rocket,2000,9,60,Kagemaru Himeno,Stage 1,Psychic,,,
sm10-2,Caterpie,Pokémon,Common,Unbroken Bonds,2019,2,40,Shibuzoh.,Basic,Grass,0.19,0.25,normal
sm3-9,Ledyba,Pokémon,Common,Burning Shadows,2017,9,60,Ayaka Yoshida,Basic,Grass,0.09,0.17,normal
hsp-HGSS01,Ho-Oh,Pokémon,Promo,HGSS Black Star Promos,2010,HGSS01,80,Takashi Yamaguchi,Basic,Fire,49.27,49.98,holofoil
dc1-1,Team Magma's Numel,Pokémon,Common,Double Crisis,2015,1,70,Akira Komayama,Basic,Fire,1.18,1.18,normal
sm7-4,Scyther,Pokémon,Uncommon,Celestial Storm,2018,4,70,Hajime Kusajima,Basic,Grass,0.41,0.41,normal
sm4-1,Weedle,Pokémon,Common,Crimson Invasion,2017,1,50,Yukiko Baba,Basic,Grass,0.12,0.2,normal
sm12-9,Heracross,Pokémon,Uncommon,Cosmic Eclipse,2019,9,130,Satoshi Shirai,Basic,Grass,0.22,0.24,normal
base6-9,Dark Vaporeon,Pokémon,Rare Holo,Legendary Collection,2002,9,60,Mitsuhiro Arita,Stage 1,Water,104.41,181.84,holofoil
si1-12,Lapras,Pokémon,,Southern Islands,2001,12,70,Naoyo Kimura,Basic,Water,53.49,72.86,normal
base4-10,Mewtwo,Pokémon,Rare Holo,Base Set 2,2000,10,60,Ken Sugimori,Basic,Psychic,53.53,56.21,holofoil
